Varieties,price,Suitable,address,g,stage,oldPrice,Classification,ManufacturerAddress,PorductName,daraurl,ManufacturerName,Flavor,title,brand
金毛,69.00,拉布拉多 金毛,其他,10000g,全犬期,129.00,专用粮,三思园工业园区,,,上海宠嘉宠物用品有限公司,牛肉味,狗粮20斤10kg金毛拉布拉多成犬幼犬美毛补钙40中型犬大型犬专用粮,BEOU贝欧
通用型,19.20,全犬种 吉娃娃 哈士奇 巴哥犬 德国牧羊犬 拉布拉多 柯基 比熊 泰迪 约克夏 萨摩耶 西施犬 贵宾 边境牧羊犬 金毛 阿拉斯加 雪纳瑞,其他,2500g,全犬期,38.00,犬粮,贝卓,,,上海鹰迪宠物用品,牛肉味,泰迪比熊金毛萨摩耶通用型大型犬小型犬幼犬成犬贝卓狗粮5斤2.5kg,贝卓
边境牧羊犬,78.00,全犬种 德国牧羊犬 边境牧羊犬,其他,10000g,全犬期,228.00,专用粮,三思工业园3号,,,宠冠饲料,牛肉味,狗粮20斤10kg边牧德牧古牧边境中大型犬幼犬成犬牧羊犬专用天然粮,沃恩嘉乐
萨摩耶,78.00,全犬种 其他 吉娃娃 巴哥犬 德国牧羊犬 拉布拉多 柯基 比熊 泰迪 萨摩耶 西施犬 贵宾 边境牧羊犬 金毛 雪纳瑞,其他,10000g,全犬期,88.00,犬粮,宠冠饲料,,,上海鹰迪宠物用品有限公司,牛肉味,狗粮10kg20斤 萨摩耶比熊银狐成犬幼犬专用狗粮美毛补钙包邮泰迪,沃恩嘉乐
,无,,加拿大,2720g,全犬期,259.00,,加拿大,,,加拿大,其他,百加世防伪NOW小型犬四叶草无谷狗粮泰迪贵宾全犬粮6磅小颗粒,NowFresh
通用型,19.80,全犬种 其他 吉娃娃 哈士奇 巴哥犬 德国牧羊犬 拉布拉多 柯基 比熊 泰迪 约克夏 萨摩耶 西施犬 贵宾 边境牧羊犬 金毛 阿拉斯加 雪纳瑞,其他,2500g,全犬期,68.00,犬粮,河北省邢台市南和县三思工业区,,,河北宠嘉饲料有限公司,牛肉味,稻奇2.5kg狗粮泰迪贵宾金毛萨摩耶狗粮幼犬成犬中小型犬通用犬粮,稻奇
通用型,无,全犬种,美国,250g,全犬期,22.00,犬粮,美国,,,福摩,其他,〖2袋包邮〗Fromm福摩鸭肉甜薯进口天然狗粮250g(试用装）,Fromm/福摩
,183.60,全犬种,英国,10000g,老年犬,408.00,专用粮,自然道,,,自然道,牛肉味,老年犬狗粮10KG 自然道 天然狗粮 老年犬主粮 精配方包邮,symply自然道
,无,,加拿大,2721g,全犬期,259.00,,加拿大,,,NOW,鸡肉味,百加世正品带防伪NOW进口无谷天然狗粮小型犬四叶草6磅小颗粒,NowFresh
通用型,无,全犬种,美国,2200g,全犬期,199.00,犬粮,美国,,,福摩,鱼肉味,福摩Fromm三文鱼蔬菜美毛进口天然狗粮5磅泰迪比熊狗粮全犬期狗粮,Fromm/福摩
通用型,无,全犬种 其他 吉娃娃 哈士奇 巴哥犬 德国牧羊犬 拉布拉多 柯基 比熊 泰迪 约克夏 萨摩耶 西施犬 贵宾 边境牧羊犬 金毛 阿拉斯加 雪纳瑞,美国,20000g,成犬,188.00,犬粮,宠多格宠物食品,,,宠多格宠物食品有限公司,牛肉味,品尼高金毛泰迪哈士奇德牧边牧斗牛萨摩耶幼犬成犬通用型狗粮20kg,品尼高
通用型,无,全犬种,美国,250g,全犬期,22.00,犬粮,美国,,,福摩,鱼肉味,〖2袋包邮〗福摩Fromm三文鱼蔬菜美毛进口天然狗粮250g试用装,Fromm/福摩
贵宾/泰迪,无,,其他,2500g,成犬,25.00,专用粮,河北,,,河北宠嘉饲料有限公司,牛肉味,MIMA贵宾泰迪狗粮成犬专用2.5kg公斤《美国原装 天然粮》包邮,MIMA
德国牧羊犬,127.00,全犬种 其他 吉娃娃 哈士奇 巴哥犬 德国牧羊犬 拉布拉多 柯基 比熊 泰迪 约克夏 萨摩耶 西施犬 贵宾 边境牧羊犬 金毛 阿拉斯加 雪纳瑞,其他,20000g,全犬期,199.00,犬粮,中国,,,鹰迪宠物,牛肉味,狗粮20kg德牧黑背马犬成犬幼犬专用补钙中大型犬天然粮通用型40斤,杜菲尼
,无,,加拿大,250g,全犬期,23.00,,加拿大,,,NOW,鸡肉味,丘丘宠物NOW无谷进口天然狗粮泰迪比熊小型全犬期试吃装250g,NowFresh
通用型,无,,其他,2500g,成犬,35.88,犬粮,北京,,,北京比格泰动物营养科技有限公司,其他,美滋元全营养配方泰迪狗粮 成犬主粮 金毛贵宾通用狗粮2.5KG包邮,美滋元
通用型,无,,美国,13620g,成犬,508.00,犬粮,牛油果厂家,,,牛油果,鸡肉味,包邮 美国牛油果成犬鸡肉狗粮30磅美毛 金毛泰迪比熊萨摩,牛油果
,320.00,,日本,3000g,全犬期,361.00,,日本,,,雅思ARTEMIS Maximal,其他,PET INN日本进口ARTEMIS雅思松茸益生菌小颗粒全犬狗粮3KG18年5月,雅思ARTEMIS Maximal
,无,,新西兰,350g,全犬期,228.00,,K9,,,K9,鸡肉味,新纽西兰进口K9Natural Chicken Feast冷冻干燥鸡肉冻干狗粮 350g,K9
,无,,其他,11400g,老年犬,975.00,,加拿大,,,渴望,鸡肉味,双标防伪查询六星级狗粮Orijen渴望无谷类高龄犬老犬粮11.4kg,渴望
通用型,无,其他 哈士奇 德国牧羊犬 拉布拉多 柯基 萨摩耶 西施犬 边境牧羊犬 金毛 阿拉斯加,美国,15000g,老年犬,630.00,犬粮,希尔思宠物营养公司,,,希尔思宠物营养公司,其他,姜露宠物 6941希尔斯老犬粮15kg大龄犬狗粮易消化进口狗粮天然粮,希尔斯
通用型,无,,英国,14968g,全犬期,390.00,犬粮,上海福贝代工厂,,,蓝色麦田科技,鸡肉味,蓝氏狗粮33磅鸡肉燕麦幼犬成犬通用金毛萨摩耶哈士奇阿拉斯加边牧,LEGEND SANDY
通用型,无,全犬种 其他 吉娃娃 哈士奇 巴哥犬 德国牧羊犬 拉布拉多 柯基 比熊 泰迪 约克夏 萨摩耶 西施犬 贵宾 边境牧羊犬 金毛 阿拉斯加 雪纳瑞,加拿大,250g,全犬期,20.00,犬粮,9503-90 AVE.Morinville.AB T8R 1k7 CANADA,,,CHAMPION PETFOODS LP.,其他,加拿大渴望红肉大中小型犬泰迪金毛天然全犬期狗粮250g试吃装,渴望
,无,全犬种,美国,10000g,成犬,289.00,,美国,,,加中永嘉宠物食品有限公司,牛肉味,美国联合天然狗粮全犬种牛肉+鹿肉味10公斤金毛泰迪萨摩通用狗粮,美国联合
,无,,加拿大,500g,成犬,40.00 - 50.00,,奥云宝,,,奥云宝,其他,加拿大奥云宝狗粮分装500g 看宝贝详情,奥云宝
拉布拉多,无,拉布拉多,其他,12000g,幼犬,429.00,专用粮,,,,皇家,其他,778法国皇家狗粮拉布拉多幼犬粮中大型幼犬狗粮12kg防伪验证,ROYAL CANIN/皇家
,无,,日本,160g,成犬,28.00,,大阪府八尾市美园町4-154-2,,,グラン デリ,鸡肉味,日本愛犬元気牛肉鸡胸肉蔬菜奶酪成犬粮干狗粮随手包40g*4袋,グラン デリ
,无,,美国,1815g,成犬,245.00,,欧奇斯,,,欧奇斯,鸡肉味,美国欧奇斯Organix 天然有机无谷小型犬狗粮 小颗粒犬粮4磅,欧奇斯
日本柴犬,无,其他,日本,3000g,幼犬,328.00,专用粮,皇家,,,日本皇家,其他,日本进口现货 皇家柴犬专用子犬幼犬粮3KG 柴犬狗粮 日本柴犬粮,ROYAL CANIN/皇家
,无,,美国,8000g,成犬,610.00,,希尔斯工厂,,,希尔斯,鸡肉味,希尔斯c/d尿结石处方狗粮 泌尿道维护 cd 17.6磅(原装正品保真),希尔斯
通用型,无,全犬种 其他 吉娃娃 哈士奇 巴哥犬 德国牧羊犬 拉布拉多 柯基 比熊 泰迪 约克夏 萨摩耶 西施犬 贵宾 边境牧羊犬 金毛 阿拉斯加 雪纳瑞,加拿大,6800g,全犬期,550.00 - 675.00,犬粮,9503-90 AVE.Morinville.AB T8R 1k7 CANADA,,,CHAMPION PETFOODS LP.,鱼肉味,加拿大Orijen渴望六种鱼狗粮全犬期成犬幼犬无谷天然粮6.8kg,Orijen渴望
,无,全犬种,其他,2270g,全犬期,255.00,,维洛s,,,维洛s,鱼肉味,香港宠物店 美国维洛*司 寒域鲱鱼低敏美毛去泪痕全犬狗粮5磅,维洛s
,无,,比利时,10880g,老年犬,688.00,,Canine Caviar,,,Canine Caviar,鸡肉味,美国Canine Caviar鱼子酱天然狗粮低敏减肥老犬粮高龄犬10.88kg,canine caviar
,无,,新西兰,100g,全犬期,30.00,,新西兰,,,纽西兰ZiwiPeak,其他,纽西兰巅峰 Ziwipeak生肉风干狗粮98%鲜肉狗粮马鲛鱼羊肉100g试吃,纽西兰ZiwiPeak巅峰
通用型,无,全犬种,美国,17000g,全犬期,380.00,犬粮,冠成宠物食品公司,,,冠成宠物食品公司,鸡肉味,包邮 美冠狗粮冠成狗粮美冠赛级犬粮高能量配方犬粮17KG骨骼强壮,冠成
通用型,无,,加拿大,1200g,全犬期,125.00,犬粮,加拿大,,,爱肯拿,其他,塞拉WDJ推荐5星爱肯拿ACANA天然粮全犬期无谷鸭肉梨狗粮1.2kg,ACANA/爱肯拿
,无,,美国,2270g,全犬期,169.00 - 200.00,,美国,,,美国钻石,羊肉味,荒野盛宴 无谷山林风味 烤羔羊肉狗粮 包邮 5磅/2.27kg,荒野盛宴
,无,全犬种 其他 吉娃娃 哈士奇 巴哥犬 德国牧羊犬 拉布拉多 柯基 比熊 泰迪 约克夏 萨摩耶 西施犬 贵宾 边境牧羊犬 金毛 阿拉斯加 雪纳瑞,比利时,250g,全犬期,50.00,犬粮,比利时联合宠物食品有限公司,,,比利时联合宠物食品有限公司,其他,比利时原装进口耐吉斯极低敏天然粮 泰迪比熊法斗狗粮试用装250g,耐吉斯
,无,,美国,6810g,全犬期,455.00,,福摩Fromm,,,福摩Fromm,鸭肉,破包特价 新货 香港行货福摩Fromm鸭肉甜薯全犬狗粮15磅 多地包邮,Fromm/福摩
,无,,日本,1200g,成犬,135.00 - 158.00,,日本,,,sunrise,鸡肉味,日本Sunrise贵宾专用半生狗粮 美毛 护目 成犬粮 1.2kg 日本产,Sunrise
,无,,日本,600g,成犬,102.00,,Asuku,,,Asuku,牛肉味,日本Asuku 高级半生狗粮 牛肉味 600g(100gx6袋) 成犬粮 日本产,Asuku
,无,,新西兰,2500g,全犬期,760.00,,ziwipeak 巅峰,,,ziwipeak 巅峰,其他,新西兰ziwipeak 巅峰风干马鲛鱼羊肉配方全犬粮鲜肉狗粮2.5kg,ziwipeak 巅峰
,无,,美国,13607g,幼犬,380.00,,美国加洲,,,CHAMPION,牛肉味,美国原装CHAMPION犬粮安格斯牛肉+三文鱼美毛配方全期狗粮30磅,美冠
通用型,无,全犬种,其他,13500g,全犬期,655.00,犬粮,美国,,,福摩,鱼肉味,美国福摩Fromm 三文鱼配方美毛成犬幼犬粮通用天然狗粮30磅 包邮,Fromm/福摩
通用型,无,,新西兰,2500g,全犬期,490.00 - 1100.00,犬粮,新西兰,,,巅峰,鹿肉,在途 澳洲采购 ZIWI Peak 巅峰鹿肉风干狗粮 1kg 2.5kg,ziwipeak
通用型,无,全犬种 吉娃娃 哈士奇 巴哥犬 德国牧羊犬 拉布拉多 柯基 比熊 泰迪 约克夏 萨摩耶 西施犬 贵宾 边境牧羊犬 金毛 阿拉斯加 雪纳瑞,美国,6810g,全犬期,1041.00,犬粮,美国,,,威斯康辛州工厂,鱼肉味,包邮 香港宠物店 福摩Fromm三文鱼30磅27斤天然全犬狗粮,Fromm/福摩
通用型,无,全犬种 哈士奇 德国牧羊犬 拉布拉多 萨摩耶 边境牧羊犬 金毛 阿拉斯加,英国,12000g,成犬,690.00,犬粮,Fish4Dogs.Ltd,,,Fish4Dogs.Ltd,鱼肉味,包江浙沪皖海洋之星成犬三文鱼无谷抗敏美毛天然狗粮大颗粒12KG,Fish4Dogs/海洋之星
,无,,新西兰,12000g,全犬期,750.00,犬粮,新西兰,,,zeal,羊肉味,适口性棒！纽西兰ZEAL 羊肉配方软狗粮天然粮12kg 无肉粉抗敏美毛,zeal
通用型,无,全犬种,加拿大,11340g,全犬期,679.00,犬粮,jnd,,,佩利安宠物营养有限公司,其他,金毛七宝家 正品授权 加拿大Go Natural 无谷七种肉 全犬狗粮25磅,Go Natural
通用型,无,全犬种,其他,10000g,成犬,388.00,,联合,,,联合,牛肉味,美国联合 牛肉鹿肉全犬种成犬粮10kg进口天然犬主粮 泰迪金毛萨摩,other/其他
通用型,无,全犬种 其他 吉娃娃 哈士奇 巴哥犬 德国牧羊犬 拉布拉多 柯基 比熊 泰迪 约克夏 萨摩耶 西施犬 贵宾 边境牧羊犬 金毛 阿拉斯加 雪纳瑞,其他,2000g,全犬期,275.00,专用粮,巴西米纳斯吉拉斯州，费尔南迪亚斯公755Km处,,,TOTAL Alimentos S.A.,鸡肉味,巴西淘淘处方狗粮HA力派犬低敏处方粮2kg狗狗过敏性皮肤病胰腺炎,TOTAL EQUILIBRIO
通用型,无,全犬种,加拿大,2270g,全犬期,215.00,犬粮,*,,,爱肯拿宠物食品公司,鱼肉味,大胖大胖 正品防伪ACANA爱肯拿全犬狗无谷粮深海鱼狗粮2kg,ACANA/爱肯拿
通用型,无,全犬种,其他,17000g,成犬,610.00,犬粮,上海,,,上海皇誉食品厂,其他,法国皇家高能量耐力4800狗粮运动赛犬专用格力犬灵缇犬17KG包邮,ROYAL CANIN/皇家
,无,全犬种,日本,600g,全犬期,210.00,,日本,,,janp,羊肉味,现货日本代买宠物狗狗PureRoyal肠胃健康软狗粮适口佳羊肉味600g,PureRoyal
,无,全犬种,美国,13600g,全犬期,725.00,犬粮,美国,,,美国维采,鸡肉味,云南总代㊣WDJ推荐-VetsChoice维采-有機雞肉原味全犬狗粮30磅,other/其他
,无,全犬种,韩国,2000g,成犬,111.00,,中国上海,,,尚申犬洋服代理,鱼肉味,韩国BOTH犬粮N3无添加鸭肉三文鱼天然无谷配方小型犬成犬粮4磅,韩国BOTH
通用型,无,全犬种 其他 吉娃娃 哈士奇 巴哥犬 德国牧羊犬 拉布拉多 柯基 比熊 泰迪 约克夏 萨摩耶 西施犬 贵宾 边境牧羊犬 金毛 阿拉斯加 雪纳瑞,美国,3850g,全犬期,365.00,专用粮,美国,,,美国思尔斯宠物食品,其他,"授权正品美国Hill""s希尔思/斯id低脂肪胰腺炎肠胃炎狗粮i/d 8.5磅",希尔思
,无,,美国,1500g,成犬,209.00,,美国,,,希尔斯,其他,包邮 美国希尔斯cd处方狗粮 泌尿 尿結石 cd 1.5kg 新包装,希尔斯
,无,,其他,10000g,离乳期,480.00,,上海青浦区青浦园天一路533号,,,上海信元宠物用品有限公司,鸡肉味,台湾信元singen佑达发育宝A系列ASW29小型犬幼犬狗粮奶糕粮10KG,发育宝
,无,,加拿大,11340g,成犬,769.00,,加拿大,,,NOW,其他,PET INN 正品带防伪查询 加拿大NOW狗粮鸭肉三文鱼成犬全犬粮25磅,NowFresh
,无,,加拿大,1000g,成犬,155.00,,加拿大,,,Orijen,鱼肉味,渐霏爱宠物渴望狗粮天然无谷全犬成犬幼犬粮美毛主粮六种鱼1kg,orijen渴望
通用型,无,全犬种,加拿大,11300g,全犬期,649.00 - 679.00,犬粮,加拿大,,,go,鱼肉味,官方授权带防伪加拿大Go Natural野生三文鱼抗全犬成幼犬狗粮25磅,GO
通用型,无,全犬种,日本,100g,老年犬,14.00,专用粮,日清,,,日清,鸡肉味,日本进口日清小型犬狗粮7岁老犬综合营养 鸡肉软干粮100g试吃装,日清
通用型,无,,其他,20000g,幼犬,283.00,犬粮,玛氏,,,玛氏,其他,宝路狗粮幼犬粮20kg金毛哈士奇狗粮大型犬小型犬泰迪通用主粮40斤,Pedigree/宝路
,无,,日本,1200g,老年犬,128.00,,日本,,,日本盛来知,鸡肉味,包邮日本原装进口sunrise盛来知博美成犬专用半生软狗粮1.2kg,日本盛来知
通用型,无,全犬种,加拿大,6000g,全犬期,660.00,,加拿大,,,加拿大,鱼肉味,香港拍摄 新版渴望六种鱼幼犬成犬狗粮六种鱼全犬粮柯基贵宾6KG,Before BG Grain
,无,全犬种,新西兰,350g,全犬期,260.00,,新西兰,,,K9 Natural,鸡肉味,纽西兰K9 Natural鲜肉脱水狗粮鸡肉350g冻干粮 睿哲行货带防伪标,K9 Natural
,无,,美国,15000g,幼犬,570.00,,希尔斯工厂,,,希尔斯,鸡肉味,希尔斯幼犬鸡肉细粒 狗粮 15KG 33磅 利农行货原装正品保真,希尔斯
,无,全犬种,加拿大,22700g,幼犬,245.00,,加拿大,,,渴望,鸡肉味,PET INN 双标防伪原装进口 加拿大Orijen渴望狗粮宠物幼犬粮2kg,渴望
,无,,日本,1400g,成犬,159.00 - 198.00,,日本大阪,,,株式会社,鸡肉味,现货 日本日清 宠物狗狗泰迪超小型犬茶杯犬专用鸡肉味营养狗粮,日本代购
日本柴犬,无,,日本,1200g,幼犬,115.00 - 120.00,专用粮,yeaster,,,yeaster,鸡肉味,日本代购Yeaster柴犬幼犬专用粮1岁以下鸡肉狗粮1.2kg 八喜小卖铺,yeaster
,无,全犬种,加拿大,6800g,全犬期,730.00,犬粮,加拿大,,,加拿大Orijen渴望,其他,现货可查防伪 加拿大Orijen渴望无谷红肉配方狗粮6.8kg全犬天然粮,加拿大Orijen渴望
,无,全犬种,加拿大,11339g,全犬期,679.00,,435-44550 South Sumas Rd.Chilliwack BC Canda,,,Petcurean Pet Nutrition Limited Partnership,其他,正品防伪 加拿大Go！Natural无谷野生三文鱼全犬粮美毛狗粮25磅,GO
通用型,无,全犬种,德国,150g,成犬,15.00,犬粮,德国,,,PLATINUM,其他,PLATINUM铂添能白金天然成犬进口狗粮鸡肉羊肉猪肉无谷试吃装包邮,PLATINUM铂添能
,无,全犬种,比利时,12700g,成犬,640.00,,比利时,,,耐吉斯,鱼肉味,耐吉斯狗粮 金毛阿拉斯加哈士奇萨摩耶大型犬成犬粮28磅保护关节,耐吉斯
通用型,无,全犬种,美国,2270g,全犬期,199.00,犬粮,美国,,,美国,鱼肉味,美国进口福摩Fromm三文鱼蔬菜狗粮天然粮5磅泰迪金毛美毛,Fromm/福摩
,无,,加拿大,454g,成犬,270.00,犬粮,加拿大,,,Orijen,其他,双防伪 加拿大原装Orijen渴望鸡肉鱼配方冻干粮脱水无谷狗粮454g,渴望
通用型,无,其他 吉娃娃 巴哥犬 柯基 比熊 泰迪 约克夏 西施犬 贵宾 雪纳瑞,其他,12000g,幼犬,730.00,犬粮,中国,,,Fish4Dogs.Ltd,鱼肉味,海洋之星狗粮 无谷深海鱼幼犬小颗粒12kg 比熊贵宾等高端美毛主粮,Fish4Dogs/海洋之星
,无,巴哥犬,其他,10000g,幼犬,560.00,犬粮,100,,,海大集团,其他,海瑞特天然粮 小型犬幼犬粮10KG 比熊贵宾泰迪小型犬幼犬粮 包邮,HARRIET/海瑞特
,无,全犬种,美国,6800g,全犬期,638.00,,美国,,,日本代购,鸡肉味,现货 日本代买Artemis狗狗雅思松茸狗粮 改善肠胃美毛小颗粒6.8Kg,雅思ARTEMIS
通用型,无,全犬种,加拿大,2720g,幼犬,249.00,犬粮,now工厂,,,now工厂,其他,百加世防伪 加拿大NOW天然无谷全犬种幼犬狗粮6磅2.72kg,NowFresh
,无,全犬种,其他,1200g,成犬,125.00,,渴望,,,渴望,其他,加拿大渴望Orijen天然无谷狗粮成犬粮1.2kg泰迪贵宾金毛犬粮,渴望
通用型,无,全犬种 其他 吉娃娃 哈士奇 巴哥犬 德国牧羊犬 拉布拉多 柯基 比熊 泰迪 约克夏 萨摩耶 西施犬 贵宾 边境牧羊犬 金毛 阿拉斯加 雪纳瑞,加拿大,250g,幼犬,24.88,犬粮,加拿大亚伯达省渴望,,,渴望,鸡肉味,加拿大Orijen渴望无谷幼犬粮分装250g泰迪金毛全犬通用型进口狗粮,Orijen渴望
通用型,无,全犬种 其他 吉娃娃 哈士奇 巴哥犬 德国牧羊犬 拉布拉多 柯基 比熊 泰迪 约克夏 萨摩耶 西施犬 贵宾 边境牧羊犬 金毛 雪纳瑞,加拿大,1000g,成犬,60.00,犬粮,,,,永嘉宠物食品,鸡肉味,进口狗粮 天然狗粮 加拿大妙趣狗粮 鸡肉羊肉配方全犬成犬1KG2斤,mutural/妙趣
通用型,无,全犬种,其他,2000g,成犬,160.00,犬粮,巴西,,,巴西淘淘原装进口,其他,巴西淘淘狗粮2kg 小型犬成犬粮 贵宾泰迪比熊去泪痕天然狗粮,EQUIL I BRIO/力派
,无,全犬种,美国,1500g,成犬,180.00,专用粮,美国,,,希尔斯宠物营养品有限公司,鸡肉味,现货Hill's希尔斯j/d关节处方狗粮1.5kg,希尔斯
通用型,无,全犬种,日本,2000g,全犬期,399.00,犬粮,日本,,,pola,其他,现货日本POLA狗粮2kg全犬期幼犬成犬无添加美毛护肤天然粮19年6月,pola
通用型,无,全犬种 其他 吉娃娃 哈士奇 巴哥犬 德国牧羊犬 拉布拉多 柯基 比熊 泰迪 约克夏 萨摩耶 西施犬 贵宾 边境牧羊犬 金毛 阿拉斯加 雪纳瑞,美国,250g,全犬期,23.00,专用粮,美国,,,fromm,鸭肉,美国Fromm福摩狗粮 鸭肉甜薯蔬菜试吃装2包包邮,Fromm/福摩
通用型,无,全犬种 其他 吉娃娃 哈士奇 巴哥犬 德国牧羊犬 拉布拉多 柯基 比熊 泰迪 约克夏 萨摩耶 西施犬 贵宾 边境牧羊犬 金毛 阿拉斯加 雪纳瑞,美国,12712g,全犬期,460.00,犬粮,美国,,,美国自然光环,鸡肉味,自然光环美国进口WDJ推荐狗粮挑食美毛天然成幼犬粮鸡肉蔬菜 28磅,自然光环/Halo
,无,,美国,13607g,全犬期,780.00,,美国,,,美国,其他,正品WDJ六星荒野盛宴草原风味鹿肉牛肉小颗粒幼犬狗粮30磅,荒野盛宴
,无,,美国,6803g,全犬期,470.00,,美国福摩,,,美国 福摩,鱼肉味,现货 江浙沪皖包邮 港货 美国FROMM福摩三文鱼蔬菜配方狗粮15磅,Fromm/福摩
通用型,无,全犬种,加拿大,1200g,成犬,115.00,犬粮,加拿大,,,爱肯拿,鸡肉味,加拿大Acana爱肯拿无谷天然小型犬成犬狗粮 鸡肉鱼配方 1.2kg,ACANA/爱肯拿
,无,吉娃娃 比熊 泰迪 贵宾 雪纳瑞,加拿大,114000g,全犬期,789.00,犬粮,加拿大,,,Now Fresh,其他,包邮行货防伪加拿大now小型全犬粮25磅泰迪比熊成幼犬无谷狗粮,Now Fresh
,无,全犬种,美国,11800g,幼犬,573.60,,,,,AVODerm,鸡肉味,牛油果AVODerm鸡肉糙米配方大型犬幼犬粮美国原装进口26磅/11.8kg,AVODerm/牛油果
,无,吉娃娃 比熊 泰迪 约克夏 贵宾,比利时,1500g,全犬期,140.00,犬粮,耐吉斯,,,耐吉斯,鸡肉味,耐吉斯玩赏犬进口狗粮(鸡肉+三文鱼)1.5kg预防泪痕毛发光泽皮肤,耐吉斯
通用型,无,全犬种,美国,6750g,全犬期,489.00,犬粮,福摩,,,福摩,其他,现货包邮福摩 美毛全犬期狗粮Fromm鸭肉甜薯蔬菜配方15磅港货正品,Fromm/福摩
通用型,无,全犬种,美国,3000g,成犬,175.00,犬粮,,,,希尔斯,鸡肉味,包邮 希尔思全犬种体重控制/减肥低脂配方标准粒狗粮3KG 香港利农,希尔斯
,无,,加拿大,2720g,幼犬,249.00,,PETCUREAN PET NUTRITION USA INCBritish Columbia V2T 4W1 CANADA,,,加拿大佩利安,鸡肉味,18年1月 NOW无谷幼犬狗粮6磅 带防伪 22省包快递,加拿大NOW
通用型,无,全犬种,加拿大,12270g,全犬期,790.00,犬粮,Oven-Baked,,,Oven-Baked,其他,进口狗粮奥运宝北美走地鸡天然配方金毛中大型成犬主粮大颗粒27磅,奥运宝Oven-Baked
,无,全犬种 其他 哈士奇 巴哥犬 德国牧羊犬 拉布拉多 柯基 比熊 泰迪 约克夏 萨摩耶 边境牧羊犬 金毛 阿拉斯加,其他,12000g,成犬,398.00,,意大利那不勒斯,,,FARMINA,鸡肉味,FARMINA法米纳N&D五星无谷美毛保健天然粮 石榴鸡肉进口狗粮,Farmina
,无,全犬种,新加坡,50g,全犬期,6.50,,100,,,邢台华兴饲料有限公司,牛肉味,爱宠堡宠物用品 力狼深海鱼油幼犬粮试吃装 狗粮试吃不拍不送,力狼
,无,全犬种,美国,500g,全犬期,35.00,,美国,,,荒野盛宴,鱼肉味,荒野盛宴天然狗粮鹿肉豌豆金毛泰迪小型犬全犬期通用型幼犬粮500g,Taste of the Wild/荒野盛宴
通用型,无,全犬种,美国,500g,全犬期,30.00,犬粮,中国,,,食品公司,羊肉味,效期21/SEP/2017 现货 WDJ鱼子酱羊肉御谷狗粮 500g分装 5斤包邮,美国鱼子酱
,无,全犬种,澳大利亚,2500g,成犬,85.00,,北京,,,北京澳贵鑫宠物食品有限公司,羊肉味,主粮/犬粮澳洲贵族狗粮高配置羊肉米饭饭成犬粮2.5KG,贵族
通用型,无,,加拿大,1200g,全犬期,125.00,犬粮,爱肯拿,,,加拿大,羊肉味,Acana爱肯拿天然狗粮无谷升级版全犬羊肉苹果肠胃保健1.2kg包邮,爱肯拿
,无,全犬种,日本,3000g,全犬期,410.00,犬粮,日本,,,日本株式会社,鸡肉味,优品铺 日本进口PetDo自然发酵鸡肉干粮3kg 关节健康美毛低脂狗粮,janp
通用型,无,全犬种,美国,11700g,全犬期,989.00,犬粮,福摩,,,fromm,其他,美国FROMM福摩 三文鱼鸭肉蔬菜无谷配方犬粮狗粮 26磅,Fromm/福摩
,无,全犬种 其他 吉娃娃 哈士奇 巴哥犬 德国牧羊犬 拉布拉多 柯基 比熊 泰迪 约克夏 萨摩耶 西施犬 贵宾 边境牧羊犬 金毛 阿拉斯加 雪纳瑞,美国,5450g,全犬期,335.00,犬粮,玫斯/METZ,,,玫斯/METZ,其他,玫斯/METZ发酵功能粮泰迪比熊专用粮去泪痕犬粮12LB 正品包邮,玫斯/METZ
,无,,比利时,3000g,成犬,285.00,,比利时,,,ProBiotic,鸡肉味,德国进口狗粮live活性益生菌鸡肉成犬粮3kg天然狗粮改善呕吐软便,ProBiotic LIVE 益生菌
,无,边境牧羊犬,加拿大,500g,成犬,40.00,,ACANA爱肯拿,,,ACANA爱肯拿,鸭肉,三斤包邮分装500g渴望同厂加拿大ACANA爱肯拿无谷鸭肉梨成犬狗粮,ACANA爱肯拿
,无,,其他,40g,成犬,2.00,,100,,,爱倍,其他,比乐犬粮 小型犬成犬通用狗粮 贵宾泰迪比熊 博美等狗试用装,比乐
通用型,无,,加拿大,500g,成犬,37.00,犬粮,加拿大,,,加拿大冠军宠物食品,鸡肉味,进口天然粮Acana爱肯拿狗粮成犬泰迪法斗小型犬成犬500G试吃装,ACANA/爱肯拿
,无,全犬种,加拿大,10000g,成犬,388.00,,永嘉宠物食品,,,永嘉宠物食品,牛肉味,加拿大妙趣进口天然粮狗粮牛肉加鹿肉成犬粮狗粮可见蔬菜10KG包邮,妙趣狗粮
,无,,美国,2267g,全犬期,199.00,,美国,,,福摩,鸡肉味,香港发货ZOO/美国Fromm福摩鸡肉蔬菜5磅全犬狗粮成犬幼犬老年犬,Fromm/福摩
,无,,其他,2000g,老年犬,165.00,,中国,,,巴西淘淘,鸡肉味,巴西淘淘狗粮力派均衡小型犬老犬粮2kg 进口老年犬老狗高龄犬,TOTAL EQUILIBRIO
,无,全犬种,新西兰,2500g,全犬期,325.00,犬粮,新西兰,,,ZIWI Peak,其他,新西兰ziwipeak 巅峰风干羊肚羊肉配方全犬粮鲜肉狗粮 1kg,ZIWI Peak
通用型,无,全犬种,比利时,1500g,离乳期,145.00,奶糕,,,,耐吉斯,鱼肉味,耐吉斯鸡肉三文鱼奶糕肠胃呵护配方低敏天然狗粮3.3磅,耐吉斯
,无,,加拿大,6800g,幼犬,620.00,,加拿大,,,加拿大orijen,鸡肉味,渐霏爱宠物|渴望狗粮Orijen天然粮无谷大型犬幼犬美毛主粮6.8kg,orijen渴望
通用型,无,全犬种,英国,12000g,成犬,690.00,犬粮,中国海洋之星,,,海洋之星,鱼肉味,英国进口海洋之星三文鱼成犬配方狗粮天然粮12kg大颗粒 包邮,Fish4Dogs/海洋之星
,无,全犬种 其他 吉娃娃 哈士奇 巴哥犬 德国牧羊犬 拉布拉多 柯基 比熊 泰迪 约克夏 萨摩耶 西施犬 贵宾 边境牧羊犬 金毛 阿拉斯加 雪纳瑞,美国,3600g,成犬,285.00,犬粮,美国,,,Natural Balance,羊肉味,天衡宝（原雪山）美国进口狗粮 低敏高蛋白火鸡配方成犬粮4磅,Natural Balance
通用型,无,全犬种 其他 吉娃娃 哈士奇 巴哥犬 德国牧羊犬 拉布拉多 柯基 比熊 泰迪 约克夏 萨摩耶 西施犬 贵宾 边境牧羊犬 金毛 阿拉斯加 雪纳瑞,澳大利亚,1500g,幼犬,60.00,犬粮,中国,,,贵族,羊肉味,19省包邮澳洲贵族鸸鹋油羊肉米饭进口天然粮幼犬狗粮1.5kg通用型,Nature’s Gift/贵族
,无,全犬种 吉娃娃 哈士奇 巴哥犬 德国牧羊犬 拉布拉多 柯基 比熊 泰迪 约克夏 萨摩耶 西施犬 贵宾 边境牧羊犬 金毛 阿拉斯加 雪纳瑞,美国,10886g,全犬期,798.00,犬粮,美国,,,Natural Balance,鸭肉,现货天衡宝原雪山美国进口通用型成犬狗粮低敏高蛋白火鸡配方24磅,Natural Balance
通用型,无,全犬种,加拿大,11400g,幼犬,1000.00,犬粮,加拿大亚伯达省,,,Champion petfoods,鸡肉味,新版双标防伪正品加拿大Orijen渴望幼犬狗粮11.4kg 13kg停产,渴望
,无,,日本,960g,老年犬,99.00,,日本大阪,,,株式会社,鸡肉味,现货 日本泰迪挑嘴狗粮湿粮老年犬8岁以上超好吃推荐960G,日本代购
,无,全犬种 其他 吉娃娃 哈士奇 巴哥犬 德国牧羊犬 拉布拉多 柯基 比熊 泰迪 约克夏 萨摩耶 西施犬 贵宾 边境牧羊犬 金毛 阿拉斯加 雪纳瑞,美国,10886g,成犬,798.00,犬粮,美国,,,Natural Balance,羊肉味,现货天衡宝原雪山美国进口天然狗粮低敏高蛋白羊肉配方成犬粮24磅,Natural Balance
,无,全犬种,美国,13600g,全犬期,780.00,,,,,美国荒野盛宴公司,牛肉味,荒野盛宴30磅美国原装进口全犬期草原烤鹿肉野牛肉配方无谷狗粮,Taste of the Wild/荒野盛宴
,无,,新西兰,500g,全犬期,280.00,,新西兰,,,K9 Natural,牛肉味,新西兰K9 Natural冻干狗粮牛肉味500g加水可泡2kg天然无谷鲜肉粮,K9 Natural
,无,全犬种,加拿大,11300g,全犬期,789.00,,加拿大NOW,,,NOW,其他,怪物星球 加拿大进口now小型犬全犬期狗粮小颗粒狗粮25磅正品防伪,NowFresh
,无,,比利时,3000g,成犬,270.00,,比利时,,,live,鱼肉味,呵护肠胃!德国进口狗粮live活性益生菌三文鱼大米成犬粮全犬种3kg,live
,无,,比利时,3000g,成犬,285.00,,比利时,,,德国live,羊肉味,德国益生菌狗粮LIVE狗粮羊肉大米成犬3kg调理狗狗肠胃益生菌狗粮,live
,无,,美国,1000g,全犬期,130.00 - 155.00,,日本,,,BLISMIX,其他,包邮日本BLISMIX宠物松茸狗粮益生菌软骨素除口臭幼成犬粮小粒1kg,BLISMIX
,无,,美国,500g,全犬期,35.00,,美国,,,美国,鸡肉味,Evo凌采无谷火鸡狗粮 Evo狗粮500克 7送1,凌采
,无,全犬种,其他,10000g,成犬,145.00,,贾宋工业园,,,伊萨公司,其他,欧嘉狗粮成犬 10kg泰迪贵宾金毛萨摩哈士奇通用型 犬主粮20斤包邮,欧嘉
通用型,无,,美国,10600g,全犬期,725.00,,美国,,,美国,鸡肉味,WDJ六星级美国百利Instinct生鲜鸡肉无谷全犬期天然狗粮包邮,Instinct百利
,无,,美国,11390g,全犬期,688.00,,美国,,,美国,鸡肉味,美国WDJ六星推荐美国百利天然本能无谷鸡肉全犬天然狗粮 25.3磅,Instinct 百利
,无,全犬种 吉娃娃 哈士奇 巴哥犬 德国牧羊犬 拉布拉多 柯基 比熊 泰迪 约克夏 萨摩耶 西施犬 贵宾 边境牧羊犬 金毛 阿拉斯加 雪纳瑞,加拿大,13000g,成犬,955.00,犬粮,冠军宠物食品,,,冠军宠物食品,鸡肉味,双标防伪 加拿大Orijen渴望无谷成犬宠物狗粮天然成犬粮13kg,other/其他
,无,全犬种 吉娃娃 哈士奇 巴哥犬 德国牧羊犬 拉布拉多 柯基 比熊 泰迪 约克夏 萨摩耶 西施犬 贵宾 边境牧羊犬 金毛 阿拉斯加 雪纳瑞,加拿大,6000g,全犬期,600.00,犬粮,冠军宠物食品,,,冠军宠物食品,鸡肉味,双标防伪 犬主粮 加拿大Orijen渴望 无谷低卡犬减肥粮狗粮6kg,Orijen渴望
贵宾/泰迪,无,全犬种,其他,1500g,全犬期,150.00,犬粮,Fish4Dogs.Ltd,,,Fish4Dogs.Ltd,鱼肉味,犬主粮Fish4Dogs海洋之星三文鱼全犬期玩具贵宾犬狗粮1.5kg小颗粒,Fish4Dogs/海洋之星
,无,全犬种 吉娃娃 哈士奇 巴哥犬 德国牧羊犬 拉布拉多 柯基 比熊 泰迪 约克夏 萨摩耶 西施犬 贵宾 边境牧羊犬 金毛 阿拉斯加 雪纳瑞,加拿大,11400g,全犬期,975.00,犬粮,冠军宠物食品,,,冠军宠物食品,鸡肉味,双标防伪 犬主粮 加拿大Orijen渴望 无谷低卡犬减肥粮狗粮11.4kg,Orijen渴望
,无,全犬种,其他,12000g,幼犬,730.00,犬粮,Fish4Dogs.Ltd,,,Fish4Dogs.Ltd,鱼肉味,犬主粮 Fish4Dogs海洋之星无谷抗敏感深海鱼幼犬狗粮12KG 美毛粮,Fish4Dogs/海洋之星
通用型,无,全犬种 吉娃娃 哈士奇 巴哥犬 德国牧羊犬 拉布拉多 柯基 比熊 泰迪 约克夏 萨摩耶 西施犬 贵宾 边境牧羊犬 金毛 阿拉斯加 雪纳瑞,美国,13500g,全犬期,799.00,犬粮,福摩,,,福摩,鱼肉味,犬主粮 Fromm 福摩三文鱼蔬菜狗粮30磅 贵宾泰迪粮全年龄幼成犬粮,Fromm/福摩
,无,全犬种 吉娃娃 哈士奇 巴哥犬 德国牧羊犬 拉布拉多 柯基 比熊 泰迪 约克夏 萨摩耶 西施犬 贵宾 边境牧羊犬 金毛 阿拉斯加 雪纳瑞,美国,13500g,全犬期,780.00,犬粮,福摩,,,福摩,鸭肉,犬主粮Fromm福摩鸭肉甜薯配方狗粮30磅香香脆脆 宠物幼犬成犬粮,Fromm/福摩
,无,全犬种 吉娃娃 哈士奇 巴哥犬 德国牧羊犬 拉布拉多 柯基 比熊 泰迪 约克夏 萨摩耶 西施犬 贵宾 边境牧羊犬 金毛 阿拉斯加 雪纳瑞,其他,1500g,幼犬,110.00 - 150.00,犬粮,Fish4Dogs.Ltd,,,Fish4Dogs.Ltd,鱼肉味,犬主粮 Fish4Dogs海洋之星无谷抗敏感深海鱼幼犬狗粮1.5KG 小颗粒,Fish4Dogs/海洋之星
,无,全犬种,其他,12000g,成犬,690.00,犬粮,Fish4Dogs.Ltd,,,Fish4Dogs.Ltd,鱼肉味,Fish4Dogs海洋之星 无谷抗敏深海鱼成犬粮 美毛狗粮12KG 小颗粒,Fish4Dogs/海洋之星
通用型,无,,美国,2000g,全犬期,218.00,犬粮,嘉吉饲料公司,,,嘉吉饲料公司,鱼肉味,Petmaster/佩玛思特 天然粮非转基因增加抵抗力幼犬通用狗粮2KG,Petmaster/佩玛思特
,无,,加拿大,2000g,全犬期,310.00,,Orijen渴望,,,加拿大,其他,现货WDJ推六星级加拿大Orijen渴望红肉狗粮2kg七种肉,Orijen渴望
,无,,加拿大,13600g,成犬,580.00,,加拿大,,,哈根纽翠斯,鸡肉味,哈根Nutrience纽翠斯天然鸡肉味狗粮通用型特级成犬粮全犬粮30磅,哈根纽翠斯
通用型,无,全犬种 吉娃娃 巴哥犬 柯基 比熊 泰迪 约克夏 西施犬 贵宾 雪纳瑞,比利时,1360g,幼犬,125.00,犬粮,耐吉斯,,,耐吉斯,鸡肉味,耐吉斯进口天然粮 幼犬低敏天然狗粮泰迪比熊鸡肉三文鱼配方 3磅,耐吉斯
通用型,无,,美国,1600g,幼犬,99.00,奶糕,中国,,,淘乐思,其他,美国淘乐思全犬种犬母幼犬奶糕天然粮幼犬天然狗粮1.6kg 多省包邮,TAULESY/淘乐思
,无,全犬种,新西兰,1000g,全犬期,336.00,犬粮,新西兰,,,ziwipeak,鹿肉,全球购-纽西兰ziwipeak巅峰90%鲜肉风干狗粮 鹿肉配方全犬粮 1kg,ziwipeak
,无,,加拿大,6000g,全犬期,520.00,,加拿大,,,爱肯拿,其他,包邮加拿大Acana爱肯拿鸭肉巴特利梨无谷配方狗粮6kg,爱肯拿
,无,,比利时,50g,全犬期,3.00,,比利时,,,爸妈宠,其他,爸妈宠狗粮 原装进口无谷天然粮成犬 幼犬老年犬粮试吃50g/袋,爸妈宠
,无,全犬种,美国,2275g,全犬期,75.00,,美国雪山,,,美国雪山,鸭肉,美国雪山鸭署美毛狗粮全犬期细粒天然狗粮5磅泰迪贵宾比熊去泪痕,雪山
,无,,日本,600g,老年犬,148.00,,PetzRoute,,,PetzRoute,其他,现货日本原产挑嘴PetzRoute鸡肉牛肉味软狗粮老龄犬专用600g,PetzRoute
通用型,无,,美国,9900g,全犬期,850.00,犬粮,麻利Merrick,,,麻利Merrick,鸡肉味,美国麻利Merrick天然无谷全犬狗粮 生鲜大型成犬配方 22磅,麻利Merrick
通用型,无,全犬种,英国,12000g,成犬,690.00,犬粮,,,,海洋之星,鱼肉味,英国海洋之星无谷抗敏感三文鱼全犬美毛狗粮 12kg 大颗粒,Fish4Dogs/海洋之星
通用型,无,,美国,9000g,成犬,888.00,犬粮,百利,,,百利,羊肉味,全新包装 美国百利天然本能Instinct无谷狗粮生鲜羊肉三文鱼 20磅,百利
,无,,其他,1500g,成犬,140.00,,挪威挪威,,,挪威AM Nutrition AS 公司,鱼肉味,包邮带防伪！ 海洋之星狗粮深海鱼成犬美毛天然粮1.5kg 泰迪狗粮,Fish4Dogs/海洋之星
通用型,无,,加拿大,2400g,全犬期,210.00,犬粮,ACANA/爱肯拿,,,ACANA/爱肯拿,鸡肉味,渴望同厂加拿大ACANA爱肯拿无谷农场盛宴鸡肉鱼幼成犬狗粮2.27kg,ACANA/爱肯拿
通用型,无,,加拿大,1200g,成犬,120.00,犬粮,ACANA/爱肯拿,,,ACANA/爱肯拿,鸡肉味,渴望同厂加拿大ACANA爱肯拿无谷农场盛宴鸡肉鱼幼成犬狗粮1.2kg,ACANA/爱肯拿
,无,全犬种,加拿大,1200g,全犬期,125.00,犬粮,ACANA/爱肯拿,,,ACANA/爱肯拿,鸭肉,渴望同厂加拿大ACANA爱肯拿无谷天然鸭肉梨幼成犬去泪痕狗粮1.2kg,ACANA/爱肯拿
,无,,日本,2g,全犬期,308.00,,日本,,,POLA,金枪鱼,日本polaWANS PREMIUM狗粮气血狗粮全犬期美毛补气血均衡营养2kg,pola
,无,,美国,10000g,成犬,445.00,,美国,,,为斯宝宠物食品有限公司,羊肉味,为斯宝天然老年犬粮羊肉与米饭绿茶配方10公斤（广东省包邮）,为斯宝
,无,,美国,2000g,全犬期,200.00,,荒野盛宴,,,荒野盛宴,其他,Taste Of Wild荒野盛宴松林风味无谷鹿肉羊肉标准颗粒成犬狗粮2kg,荒野盛宴
,无,,美国,1810g,全犬期,249.00,,Organix,,,Organix,其他,美国Organix欧奇斯无谷有机冻干肉粒添加鸡肉舔薯全犬狗粮4磅,Organix
约克夏梗,无,,其他,1500g,成犬,100.00,专用粮,ROYAL CANIN/皇家,,,ROYAL CANIN/皇家,其他,Royal Canin皇家狗粮PRY28约克夏成犬粮1.5KG 小颗粒,ROYAL CANIN/皇家
通用型,无,全犬种 吉娃娃 泰迪 约克夏 贵宾,英国,6000g,幼犬,425.00,犬粮,英国海洋之星,,,海洋之星,鱼肉味,英国进口海洋之星三文鱼玩具犬狗粮泰迪/贵宾天然粮6kg 包邮,Fish4Dogs/海洋之星
通用型,无,全犬种,美国,2270g,全犬期,218.00,犬粮,福摩,,,FROMM,鱼肉味,美国福摩狗粮Fromm三文鱼蔬菜全犬期天然狗粮5磅泰迪,Fromm/福摩
,无,,美国,544g,全犬期,358.00,,雪山工厂,,,雪山工厂,其他,天衡宝防伪美国雪山鸡肉甜薯配方全犬期狗粮小型犬专用细粒12磅,雪山
,无,,加拿大,11400g,成犬,975.00,,加拿大,,,加拿大渴望,其他,双标防伪orijen加拿大渴望天然无谷成犬粮成犬狗粮狗主粮11.4kg,渴望
,无,,加拿大,11400g,全犬期,1125.00,,渴望工厂,,,渴望工厂,鱼肉味,双标防伪orijen加拿大渴望六种鱼全犬期狗粮犬粮幼犬成犬粮11.4kg,渴望
通用型,无,全犬种,加拿大,6800g,全犬期,675.00,犬粮,加拿大,,,加拿大渴望,鱼肉味,双标防伪 orijen加拿大渴望六种鱼全犬期狗粮犬粮幼犬成犬粮6.8kg,渴望
通用型,无,,美国,453g,全犬期,27.00,,美国百利,,,百利,其他,美国百利狗粮本能天然无谷羊肉低敏配方全犬期狗粮1磅试吃,百利
,无,全犬种,美国,1800g,全犬期,228.00,犬粮,福摩生产加工厂,,,福摩生产加工厂,其他,美国福摩无谷猎鸟全家禽蔬菜狗粮4磅 福摩高端 效期新鲜,Fromm/福摩
,无,,加拿大,6800g,全犬期,730.00,,加拿大渴望,,,加拿大渴望,其他,双标防伪orijen加拿大渴望狗粮红肉全犬期狗粮幼犬粮成犬粮6.8kg,渴望
,无,全犬种,其他,2250g,全犬期,208.00,犬粮,福摩工厂,,,福摩生产加工工厂,其他,美国福摩三文鱼蔬菜全犬期狗粮5磅幼犬成犬狗粮 犬粮,Fromm/福摩
,无,全犬种,美国,2250g,幼犬,200.00,犬粮,美国,,,美国钻石工厂,鹿肉,包邮WDJ六星荒野盛宴草原风味鹿肉牛肉小颗粒天然狗粮 5磅,Taste of the Wild/荒野盛宴
通用型,无,全犬种,比利时,3000g,成犬,209.00,犬粮,比利时,,,佰芙,鸡肉味,6.8佰芙小型犬鸡肉成犬狗粮 泰迪贵宾比熊雪纳瑞等均衡营养 3KG,佰芙
,无,全犬种,比利时,2500g,幼犬,210.00,,比利时,,,比利时联合宠物食品,鸡肉味,原装进口爸妈宠鸡肉大型犬幼犬粮（低谷物）2.5kg狗粮,爸妈宠
,无,全犬种,日本,500g,全犬期,85.00,犬粮,日本,,,POLA,其他,日本代购 POLA狗粮500g分装 全犬期美毛去泪痕  适口性强,POLA
通用型,无,全犬种,新西兰,3600g,全犬期,1680.00,犬粮,,,,K9 Natural,羊肉味,新西兰K9 Natural lamb feast冷冻干燥羊肉无谷冻干狗粮3.6kg,K9 Natural
,无,吉娃娃 比熊 泰迪 约克夏 西施犬 贵宾 雪纳瑞,美国,10000g,成犬,357.00,,,,,阳光金谷生物科技有限公司,鸡肉味,美国阳光农场小型犬成犬无谷狗粮（10公斤）,阳光农场
,无,全犬种,美国,10000g,成犬,329.00,,eomaina宠物食品,,,eomaina宠物食品,鱼肉味,【全国多省包邮】美国沃克天然成犬狗粮 三文鱼全犬种犬粮10KG,美国沃克
,无,,加拿大,2000g,全犬期,225.00,犬粮,见包装,,,加拿大爱肯拿,其他,爱肯拿升级版无谷鸭肉梨狗粮2KG 天然粮全犬期犬粮,ACANA/爱肯拿
,无,哈士奇 德国牧羊犬 拉布拉多 萨摩耶 边境牧羊犬 金毛 阿拉斯加 雪纳瑞,澳大利亚,15000g,幼犬,1088.00,犬粮,MARS PETFOOD,,,MARS,鸡肉味,原装进口澳洲玛氏 ADVANCE 通用型幼犬成长鸡肉配方狗粮15公斤装,ADVANCE
通用型,无,,其他,10100g,成犬,545.00,犬粮,巴西,,,巴西,其他,现货巴西淘淘力派均衡小型犬成犬粮 泰迪比熊法斗狗粮 10.1kg包邮,EQUIL I BRIO/力派
,无,,其他,1500g,老年犬,158.00,犬粮,室内,,,皇家,鸡肉味,香港购 法国  ROYAL CANIN 皇家室内小型犬狗粮老犬鸡肉味1.5KG,皇家
,无,全犬种,加拿大,10884g,全犬期,445.00,,,,,加拿大,其他,进口加拿大迷光狗粮贵宾专用全犬期天然无谷配方24磅狗主粮包邮,迷光
通用型,无,全犬种,加拿大,11400g,成犬,840.00,犬粮,加拿大,,,champion,鸡肉味,塞拉加拿大Acana爱肯拿天然全犬狗粮无谷鸡肉鱼鸡肉鲜鱼11.4KG,ACANA/爱肯拿
通用型,无,全犬种,比利时,2000g,幼犬,125.00,犬粮,WoofStard,,,WoofStard,鸡肉味,咨询送礼WoofStard嗗达天然粮幼犬狗粮鸡肉配方泰迪比熊金毛 2kg,WOOFSTARD/嗗达
,无,全犬种,比利时,20000g,幼犬,650.00,犬粮,比利时,,,比利时嗗达,鸡肉味,咨询送礼比利时Woofstard嗗达啃达鸡肉幼犬粮20kg白色犬舍简包装,WOOFSTARD/嗗达
,无,全犬种,美国,10659g,全犬期,848.00,,美国,,,百利,鸭肉,驼驼家 美国百利成犬幼犬原野生鲜无谷鸭肉火鸡配方全犬粮23.5磅,百利
通用型,无,全犬种 其他 吉娃娃 哈士奇 巴哥犬 德国牧羊犬 拉布拉多 柯基 比熊 泰迪 约克夏 萨摩耶 西施犬 贵宾 边境牧羊犬 金毛 阿拉斯加 雪纳瑞,加拿大,11400g,全犬期,870.00,犬粮,加拿大亚伯达,,,加拿大冠军宠物食品公司,鱼肉味,加拿大ACANA爱肯拿无谷犬海洋盛宴配方狗粮深海鱼天然粮11.4KG,ACANA/爱肯拿
通用型,无,全犬种 其他 吉娃娃 哈士奇 巴哥犬 德国牧羊犬 拉布拉多 柯基 比熊 泰迪 约克夏 萨摩耶 西施犬 贵宾 边境牧羊犬 金毛 阿拉斯加 雪纳瑞,美国,13608g,全犬期,860.00 - 980.00,犬粮,荒野盛宴,,,荒野盛宴,鸡肉味,美国进口荒野盛宴狗粮30磅烟熏火鸡烤鸭无谷物天然粮田园风味,Taste of the Wild/荒野盛宴
通用型,无,全犬种,其他,500g,幼犬,11.00,犬粮,好之味,,,好之味,其他,诺瑞好之味幼犬粮奶香 萨摩泰迪贵宾金毛奶狗粮500g,诺瑞
通用型,无,全犬种 其他 吉娃娃 哈士奇 巴哥犬 德国牧羊犬 拉布拉多 柯基 比熊 泰迪 约克夏 萨摩耶 西施犬 贵宾 边境牧羊犬 金毛 阿拉斯加 雪纳瑞,其他,6750g,全犬期,900.00,犬粮,加拿大,,,渴望,鱼肉味,现货 香港宠物店 渴望Orijen六种鱼全犬狗粮美毛 13.2磅 新包装,渴望
通用型,无,全犬种,加拿大,2270g,成犬,190.00,犬粮,100,,,ACANA,鸡肉味,进口天然粮Acana爱肯拿狗粮成犬泰迪法斗小型犬成犬2KG狗粮5磅,ACANA/爱肯拿
,无,,加拿大,2270g,成犬,310.00,,加拿大,,,渴望,鱼肉味,渐霏爱宠物渴望狗粮无谷全犬成犬幼犬粮美毛主粮六种鱼1.2kg两包,orijen渴望
,无,,美国,2000g,全犬期,168.00,,牛油果,,,美国,鱼肉味,行货美国牛油果三文鱼无谷物配方天然全犬粮4.4磅,牛油果
通用型,无,,其他,1000g,成犬,87.00,犬粮,马来西亚,,,稻吉,鸡肉味,顽皮喵-Doge One稻吉狗粮通用型天然成犬粮泰迪比熊贵宾雪纳瑞1kg,稻吉
,无,,日本,600g,全犬期,145.00,,大阪府八尾市美园町4-154-2,,,日产,鸡肉味,日本宠物狗狗Petz Route鸡肉牛肉软狗粮幼犬成犬,Petz Route
,无,全犬种,美国,1800g,全犬期,200.00,,美国,,,美国钻石工厂,鹿肉,现货美国Taste of the Wild荒野盛宴狗粮鹿肉小颗粒无谷全犬5磅,Taste of the Wild/荒野盛宴
通用型,无,全犬种,其他,1000g,成犬,75.00,犬粮,,,,玛氏（中国）有限公司,鸡肉味,优卡狗粮 泰迪小型犬成犬粮1kg2斤 贵宾比熊约克夏天然宠物主粮,eukanuba/优卡
,无,,美国,2270g,全犬期,200.00,,美国,,,荒野盛宴,其他,正品WDJ六星荒野盛宴草原风味牛肉鹿肉无谷全犬期狗粮 5磅,荒野盛宴
通用型,无,全犬种,加拿大,13000g,全犬期,1220.00,犬粮,加拿大,,,亚伯达Champion,其他,包邮加拿大Orijen渴望红肉无谷配方全犬粮13kg狗粮双标防伪可查,渴望
通用型,无,全犬种 其他 吉娃娃 哈士奇 巴哥犬 德国牧羊犬 拉布拉多 柯基 比熊 泰迪 约克夏 萨摩耶 西施犬 贵宾 边境牧羊犬 金毛 阿拉斯加 雪纳瑞,美国,6750g,全犬期,485.00,犬粮,美国,,,FROMM,鱼肉味,美国FROMM福摩三文鱼蔬菜狗粮15磅 宠物美毛全犬天然粮WDJ推荐,Fromm/福摩
通用型,无,,其他,15000g,幼犬,524.00,犬粮,上海市奉贤区肖南路475号,,,皇誉宠物食品,其他,Royal Canin法国皇家狗粮 中型犬幼犬通用粮MEJ32/15KG 犬主粮,ROYAL CANIN/皇家
,无,,其他,1500g,幼犬,180.00,,法国,,,ROYAL CANIN,其他,香港购 法国原装ROYAL CANIN皇家约克夏幼犬专用狗粮1.5KG,ROYAL CANIN/皇家
通用型,无,全犬种,美国,2200g,全犬期,919.00,犬粮,福摩,,,Fromm/福摩,鱼肉味,多省现货包邮 热卖福摩Fromm三文鱼蔬菜全犬粮狗粮30磅 美国正品,Fromm/福摩
,无,,美国,6800g,全犬期,519.00,犬粮,Fromm/福摩,,,Fromm/福摩,鱼肉味,现货多省包邮福摩天然美毛全犬期幼犬粮三文鱼蔬菜15磅 犬粮狗粮,Fromm/福摩
,无,全犬种,加拿大,13000g,成犬,1220.00,犬粮,Orijen,,,Orijen,其他,【官方授权】现货多省包邮渴望Orijen无谷天然红肉全犬期狗粮13kg,Orijen/渴望
通用型,无,全犬种,美国,2200g,全犬期,208.00,犬粮,福摩,,,福摩,鱼肉味,现货多省包邮美国FROMM福摩三文鱼蔬菜美毛狗粮5磅 热卖港货正品,Fromm/福摩
通用型,无,全犬种,加拿大,13000g,幼犬,1000.00,犬粮,渴望,,,Orijen,其他,WDJ推荐六星级渴望狗粮Orijen无谷大型幼犬配方13KG 现货多省包邮,渴望Orijen
,无,全犬种,加拿大,1300g,全犬期,1125.00,犬粮,orijen,,,orijen,鱼肉味,官方授权orijen渴望狗粮无谷天然全狗粮六种鱼海藻13kg全犬通用粮,orijen/渴望
通用型,无,全犬种,加拿大,2270g,全犬期,310.00,犬粮,Orijen,,,Orijen,其他,现货多省包邮代理正品渴望Orijen无谷红肉全犬配方狗粮美毛2.27KG,渴望Orijen
通用型,无,全犬种,美国,5400g,全犬期,539.00,犬粮,福摩,,,福摩,其他,【香港正品】福摩全禽无谷猎鸟配方 鸭肉火鸡 狗粮 12磅 多省包邮,Fromm/福摩
,无,全犬种,加拿大,,全犬期,36.00,犬粮,NOW,,,NOW,其他,Now!Fresh全年龄小型犬1磅450克 试用粮 狗粮 四叶草小颗粒防泪痕,NowFresh
通用型,无,全犬种,加拿大,13000g,老年犬,900.00,犬粮,渴望Orijen,,,渴望Orijen,其他,破包WDJ推荐六星级加拿大渴望Orijen无谷天然老年犬狗粮 13KG包邮,渴望Orijen
,无,全犬种,其他,11000g,成犬,358.00,,伯纳天纯,,,伯纳天纯,其他,味臻纯狗粮小型犬成犬11KG美毛泰迪贵宾比熊巴哥雪纳瑞伯纳天纯,Pure＆Natural/伯纳天纯
通用型,无,,澳大利亚,1500g,成犬,78.00,犬粮,,,,aowj,羊肉味,澳洲进口OZVIC澳维加羊肉米成犬粮成犬狗粮宠物天然粮1.5kg,OZVIC/澳维加
,无,,美国,850g,全犬期,428.00,犬粮,美国,,,Vital Essentials维膳,牛肉味,断货|Vital Essentials维膳VE/大牛肉饼/冻干狗粮//辅食/猫/850g,Vital Essentials维膳
,无,,美国,500g,全犬期,39.00,,美国,,,FROMM,鱼肉味,现货香港购 美国原装Fromm福摩三文鱼蔬果全犬美毛狗粮分装500G,FROMM
,无,全犬种 其他 吉娃娃 哈士奇 巴哥犬 德国牧羊犬 拉布拉多 柯基 比熊 泰迪 约克夏 萨摩耶 西施犬 贵宾 边境牧羊犬 金毛 阿拉斯加 雪纳瑞,其他,10000g,全犬期,79.10,犬粮,山东济南,,,雅诗旗舰店,牛肉味,狗粮通用小狗成犬幼犬10kg20斤金毛萨摩耶德牧比熊泰迪犬粮贵宾,other/其他
,无,全犬种,加拿大,1200g,全犬期,125.00,,加拿大,,,爱肯拿,鸭肉,包邮 现货加拿大Acana爱肯拿无谷天然全犬期狗粮鸭肉梨配方 1.2kg,爱肯拿
,无,全犬种,加拿大,11400g,全犬期,840.00,,加拿大,,,爱肯拿,鸡肉味,包邮 现货加拿大ACANA爱肯拿无谷鸡肉鱼狗粮无谷农场盛宴 11.4kg,爱肯拿
,无,,爱尔兰,2500g,全犬期,23.70,,其(他)它,,,宠多格,牛肉味,嘉森堡特价2.5kg5斤狗粮金毛萨摩泰迪成犬幼犬专用犬粮包邮,嘉森堡
,无,柯基 比熊 泰迪 约克夏,美国,1360g,成犬,108.00,专用粮,COMON宠物食品公司,,,COMON宠物食品公司,牛肉味,COMON康慕无谷鲜肉天然粮低盐美毛牛肉狗粮泰迪比熊粮3LB,COMON
通用型,无,全犬种 吉娃娃 哈士奇 巴哥犬 德国牧羊犬 拉布拉多 柯基 比熊 泰迪 约克夏 萨摩耶 西施犬 贵宾 边境牧羊犬 金毛 阿拉斯加 雪纳瑞,德国,7500g,成犬,620.00,专用粮,德国,,,frolic,其他,现货德国frolic甜甜圈全犬通用成犬狗粮贵宾泰迪湿软型狗粮7.5KG,德国frolic
,无,,美国,500g,全犬期,50.00,,美国,,,福摩,牛肉味,美国Fromm福摩无谷牛肉蔬菜配方天然狗粮美毛全犬粮 试吃分装500g,福摩
,无,全犬种,加拿大,1300g,全犬期,998.00,,Orijen渴望,,,Orijen渴望,其他,WDJ加拿大Orijen渴望六种鱼狗粮13kg天然无谷成犬幼犬全犬粮狗粮,Orijen渴望
,无,全犬种,加拿大,2720g,幼犬,259.00,,NowFresh,,,NowFresh,其他,Now Fresh小型犬全犬粮加拿大进口狗粮天然通用型狗粮6磅鲜肉无谷,NowFresh
,无,全犬种,加拿大,2720g,全犬期,239.00,,GO!,,,GO!,鱼肉味,加拿大GO三文鱼全犬期狗粮6磅犬粮泰迪博美2.72kg成犬幼犬老犬粮,GO!
,无,全犬种,美国,1700g,幼犬,148.00,,Hill's,,,Hill's,其他,希尔斯/希尔思Hill's 天然狗粮系列 鸡肉糙米小型犬幼犬粮 1.81kg,Hill's
,无,全犬种,加拿大,11400g,成犬,950.00,犬粮,加拿大,,,ORIJEN,鸡肉味,轻微破包 加拿大ORIJEN渴望无谷成犬狗粮新版11.4kg 正品可查防伪,渴望ORIJEN
,无,,英国,6000g,成犬,405.00,,Fish4Dogs.Ltd,,,Fish4Dogs.Ltd,鱼肉味,海洋之星三文鱼配方狗粮无谷天然粮中小型犬成犬小颗粒狗粮6kg,Fish4Dogs/海洋之星
,无,,英国,12000g,成犬,730.00,,Fish4Dogs.Ltd,,,Fish4Dogs.Ltd,深海鱼味,海洋之星深海鱼狗粮无谷天然粮中小型犬幼犬小颗粒12kg,海洋之星
,无,,英国,12000g,成犬,690.00,,Fish4Dogs.Ltd,,,Fish4Dogs.Ltd,鱼肉味,海洋之星狗粮三文鱼无谷天然粮金毛哈士奇拉布拉多大型犬成犬主粮,海洋之星
,无,,英国,1500g,成犬,140.00,,Fish4Dogs.Ltd,,,Fish4Dogs.Ltd,鱼肉味,海洋之星三文鱼配方狗粮无谷天然粮中小型犬成犬小颗粒狗粮1.5kg,海洋之星
,无,,英国,6000g,成犬,425.00,,Fish4Dogs.Ltd,,,Fish4Dogs.Ltd,深海鱼味,海洋之星深海鱼狗粮无谷天然粮中小型犬幼犬小颗粒狗粮6kg,海洋之星
,无,,英国,12000g,成犬,695.00,犬粮,Fish4Dogs.Ltd,,,Fish4Dogs.Ltd,鱼肉味,海洋之星三文鱼配方狗粮无谷天然粮中小型犬成犬小颗粒狗粮12kg,Fish4Dogs/海洋之星
,无,,澳大利亚,12000g,幼犬,559.00,,天津经济技术开发区西区新兴路129号,,,普瑞纳,鸡肉味,冠能中型犬幼犬全价犬粮12kg,PRO PLAN/冠能
通用型,无,,德国,1500g,成犬,115.00,犬粮,德国,,,froxxc,其他,德国进口frolic 全犬种成犬甜甜圈狗粮贵宾泰迪半湿软型狗粮1.5kg,froxxc
,无,,加拿大,6000g,全犬期,520.00,,加拿大,,,爱肯拿,羊肉味,加拿大Acana爱肯拿天然狗粮无谷升级全犬羊肉苹果美毛肠胃保健6kg,爱肯拿
,无,,美国,13610g,成犬,570.00,,美国,,,牛油果,鸡肉味,现货香港购 美国Avoderm牛油果狗粮天然粮成犬鸡肉米饭配方30磅,AvoDerm牛油果
,无,,加拿大,10000g,成犬,388.00,,,,,妙趣,鱼肉味,【全国包邮】加拿大妙趣天然成犬狗粮10KG 三文鱼沙拉泰迪贵宾用,妙趣狗粮成犬
通用型,无,全犬种,日本,600g,成犬,169.00,犬粮,ASUKU,,,ASUKU,鹿肉,现货 日本进口ASUKU小型成犬狗粮北海道优质奶酪鹿肉半生软粮600g,ASUKU
,无,全犬种,比利时,12000g,幼犬,440.00,犬粮,比利时,,,嗗达,鸡肉味,包邮比利时原装进口Woofstard嗗达啃达天然幼犬狗粮12KG鸡肉配方,WOOFSTARD/嗗达
通用型,无,全犬种,其他,4000g,离乳期,280.00,奶糕,法国皇家,,,法国皇家,其他,法国皇家原装进口-小型离乳犬专用狗粮（小型犬奶糕)- 3kg,ROYAL CANIN/皇家
,无,,美国,2040g,全犬期,174.00,,美国,,,Nature's Variety,羊肉味,{送牛奶冻*2}美国百利 鲜羊肉燕麦全犬粮4.5磅/2.04kg,Nature's Variety/百利
金毛,无,金毛,其他,15000g,成犬,725.00,犬粮,杭州,,,杭州华瑞饲料有限公司,鸡肉味,巴西淘淘力派中大型成犬狗粮15KG大狗金毛拉布拉多犬主粮天然粮,EQUIL I BRIO/力派
,无,全犬种,美国,13600g,全犬期,750.00,,美国福摩,,,美国FROMM,其他,美国FROMM福摩鸭肉甜薯全犬狗粮30磅 减少泪痕 肠胃敏感,Fromm/福摩
,无,,其他,1814g,成犬,215.00,,新西兰,,,爱之选ADDICTION,羊肉味,新西兰ADD狗粮爱之选ADDICTION狗粮无谷羊肉4磅,爱之选ADDICTION
,无,,其他,1814g,幼犬,235.00,,新西兰,,,爱之选ADDICTION,深海鱼味,新西兰ADD狗粮爱之选ADDICTION狗粮蓝海三文鱼幼犬粮4磅,爱之选ADDICTION
,无,,其他,1800g,全犬期,215.00,,新西兰,,,爱之选ADDICTION,其他,新西兰ADD狗粮爱之选ADDICTION狗粮无谷野牧猪肉全犬粮4磅,爱之选ADDICTION
通用型,无,,其他,1500g,成犬,149.00,犬粮,法国,,,法国皇家,其他,【台湾行货】法国产皇家PR21小型犬室内成犬粮1.5kg 京津冀沪包邮,ROYAL CANIN/皇家
,无,全犬种,其他,2000g,全犬期,185.00,,上海市奉贤区肖南路,,,皇家宠物食品,其他,皇家犬皮肤处方粮SK23皮肤瘙痒症皮肤病狗粮2kg犬粮 多省包邮,ROYAL CANIN/皇家
通用型,无,,英国,1500g,成犬,210.00,犬粮,,,,深圳海洋之星宠物食品有限公司,鱼肉味,海洋之星三文鱼成犬小颗粒1.5kg护肤美毛增强免疫力成犬犬粮狗粮,Fish4Dogs/海洋之星
,无,,美国,1300g,全犬期,758.00,,美国,,,美国,牛肉味,美国凌采EVO全犬期 天然粮 无谷红肉小颗粒全犬粮28.6磅13KG,凌采
,无,全犬种,美国,13608g,全犬期,350.00,,进口,,,进口,鸭肉,天然低敏细颗粒鸭署30磅狗粮 改善泪痕低敏美毛30磅鸭署狗粮现货,雪山
通用型,无,全犬种 其他 吉娃娃 哈士奇 巴哥犬 德国牧羊犬 拉布拉多 柯基 比熊 泰迪 约克夏 萨摩耶 西施犬 贵宾 边境牧羊犬 金毛 阿拉斯加 雪纳瑞,美国,9980g,全犬期,900.00,犬粮,美国麻利Merrick,,,美国麻利Merrick,羊肉味,Kimi家美国麻利Merrick高能配方六种肉原始冻干成幼犬狗粮22磅,麻利Merrick
通用型,无,全犬种 其他 吉娃娃 哈士奇 巴哥犬 德国牧羊犬 拉布拉多 柯基 比熊 泰迪 约克夏 萨摩耶 西施犬 贵宾 边境牧羊犬 金毛 阿拉斯加 雪纳瑞,新西兰,1000g,全犬期,320.00,犬粮,26366 Carmel rancho lane,,,ziwipeak USA lnc,鹿肉,纽西兰进口ZiwiPeak巅峰鹿肉狗粮泰迪金毛幼犬成犬全犬天然粮1kg,ziwipeak
通用型,无,其他 巴哥犬 柯基 比熊 泰迪 约克夏 西施犬 贵宾 雪纳瑞,加拿大,5440g,全犬期,439.00,犬粮,PETCUREAN PET USA INC,,,PETCUREAN PET USA INC,鸡肉味,有防伪标加拿大进口now无谷小型犬全犬粮12磅泰迪幼犬成犬天然粮,NowFresh
通用型,无,,比利时,7500g,成犬,450.00,犬粮,欧帝亿,,,详见描述,其他,原装进口狗粮  欧帝亿 中型犬成犬肉味萨摩耶拉布拉多泰迪 7.5kg,IMPERIAL PAW/欧帝亿
通用型,无,,比利时,15000g,成犬,760.00,犬粮,欧帝亿,,,详见描述,其他,比利时IMPERIAL PAW欧帝亿大型犬成犬狗粮15kg犬主粮大狗多省包邮,IMPERIAL PAW/欧帝亿
通用型,无,约克夏 雪纳瑞 西施犬 泰迪 萨摩耶 全犬种 拉布拉多 柯基 金毛 吉娃娃 哈士奇 贵宾 德国牧羊犬 边境牧羊犬 比熊 巴哥犬 阿拉斯加,其他,2500g,全犬期,35.50,犬粮,贝卓,,,上海鹰迪宠物用品,牛肉味,泰迪狗粮天然爱吃的主粮美毛去泪痕全营养配方小幼犬成犬通用5斤,OTHER
,无,,其他,500g,成犬,10.00,,诺瑞,,,诺瑞,牛肉味,开饭乐牛排成犬狗粮德克萨斯烤牛排味 诺瑞狗粮500克 5斤包邮,诺瑞
雪纳瑞,无,,其他,2500g,成犬,29.90,专用粮,河北,,,河北宠嘉宠物饲料有限公司,牛肉味,美国MIMA狗粮_雪纳瑞成犬专用狗粮2.5kg公斤宠物主粮天然粮 包邮,MIMA
通用型,无,全犬种,美国,12700g,全犬期,460.00,犬粮,自然光环,,,自然光环,鸡肉味,包邮美国WDJ推荐进口HALO自然光环新鲜鸡肉蔬菜狗粮去泪痕全犬期2,自然光环
通用型,无,全犬种,英国,4500g,全犬期,280.00,犬粮,蓝色麦田北京科技,,,蓝色麦田北京科技有限公司,鸡肉味,蓝氏犬粮鸡肉燕麦狗粮全犬通用型犬主粮狗狗美毛幼犬补钙9磅包邮,LEGENDSANDY/蓝氏
通用型,无,哈士奇 德国牧羊犬 拉布拉多 萨摩耶 边境牧羊犬 金毛 阿拉斯加,英国,12000g,全犬期,988.00,犬粮,英国,,,原之选公司,其他,无现货英国进口Canagan原之选无谷野味全犬期狗粮12kg大型犬,原之选
,无,全犬种,英国,12000g,全犬期,877.00,犬粮,英国,,,英国Canagan原之选,羊肉味,无现货英国Canagan原之选无谷羊肉全犬期狗粮12kg大型关节保护,Canagan原之选
通用型,无,全犬种,英国,12000g,老年犬,875.00,犬粮,英国,,,原之选,鸡肉味,无现货英国进口Canagan原之选无谷物老年犬配方减肥犬狗粮12kg,原之选
,无,,其他,40g,全犬期,5.00,,爱肯拿,,,爱肯拿,其他,八袋包邮 爱肯拿深海鱼配方 40G试吃装犬粮,爱肯拿
,无,,其他,40g,全犬期,5.00,,爱肯拿,,,爱肯拿,鸡肉味,八袋包邮 爱肯拿无谷鸡肉鱼配方犬粮 40G试吃装,爱肯拿
,无,全犬种,美国,2000g,老年犬,118.00,,美國,,,希尔斯,鸡肉味,美国hills希尔斯高龄犬粮老犬粮活力长寿小颗粒小型犬狗粮-2kg,希尔斯
,无,全犬种,美国,12000g,全犬期,440.00,,爱邦,,,爱邦Earthborn,其他,美国爱邦天然狗粮鸡肉白鱼美毛成犬粮高纤促消化12kg微破,爱邦Earthborn
,无,,日本,270g,成犬,48.00,,日清,,,日清,牛肉味,日本原产日清狗粮干粮牛肉芝士味270g超小型犬成犬适口性好,日清
,无,全犬种,英国,1500g,幼犬,150.00,,Fish4Dogs/海洋之星,,,Fish4Dogs/海洋之星,鱼肉味,海洋之星幼犬粮无谷深海鱼小颗粒狗粮1.5kg泰迪贵宾去泪痕美毛,Fish4Dogs/海洋之星
通用型,无,,美国,18000g,全犬期,818.00,犬粮,百利,,,百利,鸡肉味,WDJ推荐百利Instinct天然本能无谷狗粮生鲜鸡肉配方幼犬狗粮 20磅,百利
,无,,加拿大,453g,成犬,38.00,,NOW工厂,,,NOW工厂,其他,加拿大NOW天然无谷全犬种成犬期狗粮成犬粮天然粮1磅试吃,NowFresh
,无,全犬种,英国,12000g,幼犬,690.00,,深圳海洋之星,,,海洋之星,鱼肉味,Fish4Dogs海洋之星天然粮抗敏感三文鱼成犬粮美毛配方12KG小颗粒,海洋之星
,无,,其他,1500g,幼犬,150.00,,,,,挪威AM Nutrition AS 公司,其他,包邮防伪！海洋之星深海鱼幼犬抗敏美毛天然无谷小颗粒狗粮1.5kg,Fish4Dogs/海洋之星
通用型,无,全犬种,加拿大,2000g,全犬期,275.00,犬粮,9503-90 AVENUE MO,,,CHAMPION PETFOOD,鸡肉味,加拿大Orijen渴望狗粮 天然无谷幼犬配方通用型2kg,Orijen渴望
通用型,无,全犬种 其他 吉娃娃 哈士奇 巴哥犬 德国牧羊犬 拉布拉多 柯基 比熊 泰迪 约克夏 萨摩耶 西施犬 贵宾 边境牧羊犬 金毛 阿拉斯加 雪纳瑞,美国,15000g,成犬,616.00 - 636.00,犬粮,"Hill's Pet Nutrition,Inc",,,"Hill's Pet Nutrition,Inc",鸡肉味,利农行货美国希尔斯标准粒狗粮15KG金毛萨摩中大型成犬通用型狗粮,希尔斯
通用型,无,,其他,1500g,成犬,140.00,犬粮,中国,,,深圳海洋之星宠物食品有限公司,鱼肉味,海洋之星三文鱼小型犬小狗成犬狗粮1.5kg美毛去泪痕蝴蝶犬主粮,Fish4Dogs/海洋之星
通用型,无,全犬种,加拿大,11400g,成犬,880.00,犬粮,加拿大,,,见详情,羊肉味,进口天然粮Acana爱肯拿狗粮成犬幼犬泰迪法斗羊肉苹果11.4KG狗粮,ACANA/爱肯拿
通用型,无,,新西兰,1000g,全犬期,325.00,犬粮,ziwipeak,,,ziwipeak,羊肉味,新西兰ziwipeak巅峰鲜肉风干羊肉配方无谷天然全犬粮 1kg,ziwipeak
,无,全犬种,比利时,1500g,离乳期,145.00,,耐吉斯,,,耐吉斯,鱼肉味,耐吉斯奶糕进口狗粮 (鸡肉+三文鱼)1.5kg 离乳幼犬极低敏全犬种,耐吉斯
通用型,无,德国牧羊犬 边境牧羊犬 金毛 阿拉斯加,比利时,15000g,成犬,723.00,犬粮,欧帝亿,,,嘉铭佳商贸,其他,官方授权原装进口欧帝亿大型犬成犬粮金毛边牧萨摩德牧狗粮 15kg,IMPERIAL PAW/欧帝亿
通用型,无,吉娃娃 巴哥犬 比熊 泰迪 西施犬 贵宾 雪纳瑞,加拿大,2000g,成犬,168.00,犬粮,,,,加拿大汤美仕有限公司,鱼肉味,加拿大TEB!汤恩贝狗粮D3天然四种鱼室内小型成犬粮4.4磅 2kg包邮,汤恩贝TEB!
,无,全犬种 其他 吉娃娃 哈士奇 巴哥犬 德国牧羊犬 拉布拉多 柯基 比熊 泰迪 约克夏 萨摩耶 西施犬 贵宾 边境牧羊犬 金毛 阿拉斯加 雪纳瑞,加拿大,2270g,全犬期,278.00,犬粮,CHAMPION PETFOODS LP,,,CHAMPION PETFOODS LP,鱼肉味,Orijen渴望六种鱼狗粮天然无谷全犬粮泰迪金毛贵宾通用型2.27kg,渴望
通用型,无,全犬种,加拿大,11400g,全犬期,975.00,犬粮,加拿大,,,champion petfood,其他,金毛七宝家加拿大Orijen渴望FIT无谷低卡控制体重减肥狗粮11.4kg,orijen／渴望
通用型,无,全犬种,英国,1500g,成犬,690.00,犬粮,海洋之星,,,Fish4Dogs.Ltd,鱼肉味,包邮海洋之星Fish4Dogs无谷深海鱼成犬狗粮12kg细粒美毛天然粮,Fish4Dogs/海洋之星
通用型,无,全犬种,加拿大,2270g,全犬期,840.00,犬粮,9503-90avenue morinville alverta T8R 1K7 canada,,,champion petfood,鸡肉味,多多妈-加拿大爱肯拿ACANA无谷农场盛宴11.4kg鸡肉鱼配方 狗粮,ACANA/爱肯拿
通用型,无,,其他,6000g,成犬,405.00,犬粮,中国,,,深圳海洋之星宠物食品有限公司,鱼肉味,海洋之星无谷深海鱼小型犬小狗成犬狗粮6kg泰迪吉娃娃犬主粮低敏,Fish4Dogs/海洋之星
通用型,无,全犬种 其他 吉娃娃 哈士奇 巴哥犬 德国牧羊犬 拉布拉多 柯基 比熊 泰迪 约克夏 萨摩耶 西施犬 贵宾 边境牧羊犬 金毛 阿拉斯加 雪纳瑞,其他,10000g,幼犬,140.00,犬粮,中国,,,欧迪宠物食品有限公司,牛肉味,宠物先生幼犬怀孕犬 狗粮 犬粮 营养配方牛肉味除口臭 10kg 包邮,Mr Pet/宠物先生
通用型,无,全犬种,加拿大,450g,成犬,33.90,犬粮,,,,奥雲寶,鸡肉味,香港正品Oven Baked 奥雲寶烘焗狗糧 狗主糧 雞肉细粒 450g试吃装,奥雲寶
,无,,加拿大,500g,幼犬,34.00,,NOW,,,NOW,鱼肉味,铝箔袋now狗粮幼犬怀孕哺乳犬配方美毛护肤幼犬通用型500g4斤包邮,NowFresh
通用型,无,全犬种,美国,13620g,全犬期,780.00,犬粮,2,,,荒野,牛肉味,Taste of theWild荒野盛宴草原风味无谷全犬狗粮30磅烤牛肉鹿肉,Taste of the Wild/荒野盛宴
,无,,美国,11800g,全犬期,1030.00,,美国,,,福摩,鱼肉味,破包 FROMM福摩狗粮 无谷三文鱼鸭肉蔬菜 26磅11.8kg 全犬期小粒,Fromm/福摩
,无,全犬种,美国,11800g,全犬期,1030.00,,美国,,,福摩,鱼肉味,6期免息 FROMM福摩狗粮 无谷三文鱼鸭肉蔬菜 26磅 全犬期美毛小粒,Fromm/福摩
通用型,无,,德国,2000g,成犬,112.00,犬粮,德国,,,卫塔卡夫,其他,小辣椒宠物-卫塔卡夫免疫活力成犬粮 金毛哈士奇大型犬狗粮2kg,卫塔卡夫
通用型,无,全犬种,美国,2200g,全犬期,476.00,犬粮,美国,,,威斯康辛州工厂,鱼肉味,美国进口福摩Fromm狗粮5磅三文鱼蔬菜低敏感美毛肠胃幼成全犬粮,Fromm/福摩
,无,,其他,8172g,老年犬,430.00,,维采,,,维采,鸡肉味,WDJ维采Vets Choice天然有机鸡肉减肥/老犬狗粮小颗粒18磅包运,Vets Choice/维采
,无,,其他,8170g,全犬期,440.00,,维采,,,维采,鸡肉味,正品 美国 维采Vets Choice 天然有机鸡肉小颗粒狗粮 18磅包运,美国 维采Vets Choice
,无,全犬种,比利时,80g,成犬,1.00,,上海,,,雍力（上海）生物科技有限公司,其他,ProPURE猋无谷天然狗粮成犬三文鱼比利时进口无谷天然粮试吃包邮,猋
柯基,无,吉娃娃 巴哥犬 柯基 比熊 泰迪 西施犬 贵宾 雪纳瑞,美国,15000g,成犬,680.00,犬粮,美国,,,美国希尔思宠物食品,羊肉味,授权正品美国Hill's希尔思/斯 中小型犬成犬鸡肉狗粮15kg 小颗粒,希尔思
通用型,无,,加拿大,2270g,全犬期,290.00,犬粮,加拿大,,,渴望,鱼肉味,包邮加拿大WDJ六星Orijen渴望六种鱼全龄犬粮2.27kg宠物狗天然粮,Orijen/渴望
,无,全犬种,比利时,12000g,幼犬,440.00,犬粮,比利时,,,比利时嗗达,鸡肉味,咨询送礼比利时Woofstard嗗达啃达鸡肉幼犬粮12kg全犬种天然狗粮,WOOFSTARD/嗗达
通用型,无,全犬种,美国,1800g,全犬期,220.00,犬粮,福摩,,,福摩,鱼肉味,美国Fromm福摩无谷三文鱼鸭肉蔬菜配方美毛天然全犬狗粮 4磅,Fromm/福摩
通用型,无,全犬种,美国,1800g,全犬期,214.00,犬粮,百利,,,百利,鸡肉味,美国百利天然本能Instinct无谷高能鸡肉小型犬成犬狗粮 4.1磅,百利
通用型,无,,新西兰,454g,全犬期,190.00,犬粮,ziwipeak巅峰,,,ziwipeak巅峰,鱼肉味,新西兰ziwipeak巅峰鲜肉风干羊肉马鲛鱼配方无谷天然全犬粮 454g,ziwipeak巅峰
,无,全犬种,新西兰,3000g,全犬期,270.00,,ZEAL,,,ZEAL,鹿肉,纽西兰Zeal进口全天然半湿狗粮犬粮鹿肉配方3KG 鲜肉狗粮包邮,ZEAL
,无,,美国,11818g,幼犬,519.00,,AvoDerm牛油果,,,AvoDerm牛油果,鸡肉味,正品美国进口AvoDerm牛油果幼犬助长配方狗粮26磅金毛泰迪犬粮,Avoderm
,无,,加拿大,5440g,全犬期,439.00,,NOW,,,NOW,其他,NOW小型犬四叶草无谷狗粮泰迪贵宾全犬天然粮12磅正品带防伪查询,NowFresh
,无,,其他,9999g,成犬,640.00,,比利时,,,耐吉斯,鸡肉味,狗狗主粮耐吉斯金毛拉布拉多成犬大型犬鸡肉三文鱼12.7kg天然狗粮,耐吉斯
,无,,日本,400g,离乳期,98.00,,维他命君,,,维他命君,其他,日本原产幼犬离乳营养麦片狗粮400g,维他命君
通用型,无,全犬种,加拿大,11400g,全犬期,640.00 - 980.00,专用粮,加拿大,,,冠军,鸡肉味,在途 加拿大采购渴望orijen FIT&Trim低脂健康塑形狗粮11.4kg,渴望orijen
通用型,无,全犬种,美国,13600g,全犬期,800.00,犬粮,美国,,,美国荒野盛宴公司,鸡肉味,荒野盛宴28磅美国进口成犬田园烤野鸭烟熏火鸡配方无谷幼犬狗粮,Taste of the Wild/荒野盛宴
通用型,无,全犬种,加拿大,11400g,全犬期,1220.00,犬粮,渴望,,,渴望,其他,全新包装官网可查防伪 加拿大Orijen渴望全犬无谷红肉狗粮 11.4KG,Orijen渴望
通用型,无,全犬种,加拿大,11400g,全犬期,975.00,犬粮,渴望,,,渴望,其他,全新包装 加拿大渴望Orijen全犬种无谷物成犬狗粮双标 11.4KG,Orijen渴望
,无,,加拿大,11300g,全犬期,789.00,,加拿大now工厂,,,Petcurean,鸡肉味,NOW无谷小颗粒小型犬 狗粮 泰迪比熊全犬 25磅(正品带防伪查询),NowFresh
通用型,无,全犬种,其他,100g,成犬,9.80,犬粮,上海市金山亭卫公路6383号,,,上海比瑞吉宠物用品有限公司,其他,比瑞吉宠物狗薏苡仁皮肤调理处方粮改善皮肤病美毛全犬期狗粮100g,Nature Bridge/比瑞吉
,无,,其他,12258g,全犬期,635.00,,百利,,,百利,牛肉味,WDJ六星级美国百利Nature's 牛肉糙米配方全犬期狗粮27磅包运,百利
,无,全犬种,美国,2000g,全犬期,165.00,,...,,,雪山,其他,美国雪山狗粮甜薯鹿肉无谷配方全犬粮 4.5磅 标粒,雪山
通用型,无,全犬种,其他,1500g,全犬期,150.00,犬粮,Fish4Dogs.Ltd,,,海洋之星,鱼肉味,Mini-英国海洋之星三文鱼玩具全犬期狗粮泰迪贵宾无谷天然粮1.5kg,Fish4Dogs/海洋之星
其他,无,,美国,1360g,全犬期,96.00,犬粮,玫斯宠物食品公司,,,玫斯宠物食品公司,其他,METZ玫斯发酵鲜肉挑嘴美毛亮毛宠物狗粮3LB/1.36kg成幼犬通用狗粮,METZ/玫斯
,无,,比利时,1360g,成犬,120.00,,耐吉斯,,,耐吉斯,鱼肉味,耐吉斯天然进口鸡肉三文鱼成犬发育配方低敏无谷泰迪狗粮1.36kg,耐吉斯
通用型,无,全犬种 其他 吉娃娃 哈士奇 巴哥犬 德国牧羊犬 拉布拉多 柯基 比熊 泰迪 约克夏 萨摩耶 西施犬 贵宾 边境牧羊犬 金毛 阿拉斯加 雪纳瑞,美国,2258g,成犬,238.00,犬粮,见包装,,,见包装,牛肉味,美国进口荒野盛宴狗粮5磅烤野牛肉烤鹿肉全犬期通用狗粮草原风味,荒野飨宴
,无,,美国,1860g,全犬期,220.00,,百利,,,百利,牛肉味,【煎饼家】美国进口Instinct百利生鲜系类牛肉羊肉全犬狗粮4.1磅,百利
通用型,无,全犬种 其他 吉娃娃 哈士奇 巴哥犬 德国牧羊犬 拉布拉多 柯基 比熊 泰迪 约克夏 萨摩耶 西施犬 贵宾 边境牧羊犬 金毛 阿拉斯加 雪纳瑞,美国,13600g,成犬,780.00,犬粮,美国,,,Diamond Pet Foods,其他,美国进口狗粮荒野盛宴草原无谷烤野牛鹿肉配方成犬粮30磅强壮肌肉,Taste of the Wild/荒野盛宴
,无,全犬种,比利时,3000g,幼犬,319.00,,比利时,,,ProBiotic LIVE 益生菌,鸡肉味,德国进口狗粮live活性益生菌鸡肉大米幼犬粮天然犬主粮3kg,ProBiotic LIVE 益生菌
,无,全犬种 吉娃娃 哈士奇 巴哥犬 德国牧羊犬 拉布拉多 柯基 比熊 泰迪 约克夏 萨摩耶 西施犬 贵宾 边境牧羊犬 金毛 阿拉斯加 雪纳瑞,美国,500g,全犬期,45.00,犬粮,福摩,,,福摩,鸭肉,犬主粮 美国Fromm福摩无谷三文鱼鸭肉狗粮 全犬粮成犬幼犬粮 500g,Fromm/福摩
通用型,无,全犬种,加拿大,2270g,幼犬,245.00,犬粮,加拿大,,,加拿大渴望,其他,包邮！加拿大ORIJEN渴望 无谷幼犬狗粮 2.27KG 原装行货可查防伪,渴望
,无,,美国,6500g,全犬期,700.00,,美国希尔斯,,,美国希尔斯,其他,希尔斯皮肤敏感 皮肤病处方粮环境过敏 皮肤防护dd狗粮6.5kg,希尔斯
,无,全犬种 其他 吉娃娃 巴哥犬 德国牧羊犬 拉布拉多 柯基 比熊 泰迪 萨摩耶 西施犬 贵宾 边境牧羊犬 金毛 雪纳瑞,其他,10000g,全犬期,156.00,犬粮,宠冠饲料,,,上海鹰迪宠物用品有限公司,牛肉味,狗粮10kg20斤 萨摩耶比熊银狐成犬幼犬专用狗粮美毛补钙包邮泰迪,沃恩嘉乐
,无,全犬种,美国,15000g,老年犬,703.00 - 723.00,犬粮,Hill's Pet Nutrition,,,Inc,鸡肉味,现货利农HillS希尔斯老年犬高龄犬老犬标准颗粒狗粮15kg多省包邮,希尔斯
通用型,无,,其他,10000g,成犬,690.00,犬粮,巴西,,,巴西淘淘食品有限公司,其他,巴西淘淘力派小型犬成犬狗粮10.1kg贵宾泰迪比熊去泪痕22省包邮,TOTAL EQUILIBRIO
,无,,其他,3000g,老年犬,268.00,犬粮,法国,,,ROYAL CANIN,鸡肉味,香港购 法国 ROYAL CANIN 皇家室内小型犬狗粮老犬鸡肉味 3KG,ROYAL CANIN
,无,,其他,2720g,老年犬,195.00,犬粮,加拿大,,,1STCHOICE,鱼肉味,现货香港购 加拿大1STCHOICE壹之选羊肉鱼糙米高龄老犬狗粮2.7KG,1STCHOICE
,无,,美国,2000g,幼犬,223.00,专用粮,美国,,,Blue Buffalo,鸡肉味,香港购美国Blue Buffalo蓝爵无谷小型犬鸡肉成犬狗粮小颗粒4.5磅,Blue Buffalo
,无,,其他,1500g,全犬期,150.00,,海洋之星,,,海洋之星,深海鱼味,进口海洋之星深海鱼幼犬无谷天然粮泰迪哈士奇小颗粒1.5kg狗粮,Fish4Dogs/海洋之星
,无,,加拿大,7000g,成犬,355.00,犬粮,加拿大,,,壹宠选,鸡肉味,加拿大壹之选高龄及低动量小型成犬狗粮7KG,壹之选
,无,其他,加拿大,2720g,成犬,195.00,犬粮,加拿大,,,PLB,其他,加拿大壹之选成犬羊肉鱼加糙米美毛狗粮 2.72kg,1st Choice 壹之选
,无,全犬种,加拿大,6000g,成犬,598.00,,加拿大,,,PLB,其他,加拿大狗粮宝莱尊地中海无谷物白鱼成犬配方6kg,宝莱尊
通用型,无,全犬种,英国,1500g,成犬,85.00,犬粮,,,,英国皇马犬粮,其他,皇马狗粮成犬天然粮吉娃娃巴哥柯基犬京巴犬专用通用型1.5kg包邮,Royal Horse/皇马
通用型,无,全犬种,加拿大,2270g,全犬期,290.00,,加拿大,,,天俊国际事业股份有限公司,鱼肉味,Orijen渴望六种鱼狗粮2.27KG 渴望狗粮成犬幼犬粮 天然粮,原始猎食渴望
,无,全犬种,澳大利亚,7000g,全犬期,628.00,,MASTER PET,,,MASTER PET,其他,原装进口澳洲BLACK HAWK黑鹰通用型成犬无谷野生袋鼠肉狗粮7公斤,BLACKHAWK
,无,全犬种,新西兰,1800g,全犬期,215.00,犬粮,Addiction,,,Addiction,羊肉味,遛狗啦新西兰ADD狗粮 Addiction天然低敏全犬无谷野牧羊肉狗粮4磅,Addiction
通用型,无,全犬种,美国,2258g,成犬,200.00,犬粮,美国,,,荒野盛宴,牛肉味,米粒家 荒野盛宴美国进口天然全犬期宠物狗粮5磅草原烤牛肉烤鹿肉,荒野飨宴
,无,,美国,,幼犬,259.00,,,,,珍宝,牛肉味,仅限北京包邮！珍宝幼犬粮幼犬狗粮15kg深海鱼油3+1配方内装10包,SANPO/珍宝
,无,全犬种,加拿大,2000g,成犬,168.00,,*,,,上海汤士美伽国际贸易有限公司,其他,加拿大TEB汤恩贝 D5多种肉胡萝卜全犬种成幼犬通用天然狗粮4.4磅,汤恩贝
,无,,英国,500g,全犬期,36.50,,海洋之星,,,海洋之星,鱼肉味,三斤包邮 分装500g克 英国海洋之星无谷玩具犬小型犬狗粮小颗粒,海洋之星
通用型,无,全犬种 其他 吉娃娃 哈士奇 巴哥犬 德国牧羊犬 拉布拉多 柯基 比熊 泰迪 约克夏 萨摩耶 西施犬 贵宾 边境牧羊犬 金毛 阿拉斯加 雪纳瑞,加拿大,227g,全犬期,23.00,犬粮,加拿大,,,petcurean,深海鱼味,加拿大go亮毛抗敏野生三文鱼全犬狗粮0.5磅227g18年多省包邮,GO
,无,,美国,13500g,全犬期,780.00,,荒野盛宴,,,荒野盛宴,鹿肉,美国Taste of the Wild荒野盛宴烤牛肉鹿肉标粒狗粮30磅,Taste of the Wild/荒野盛宴
,无,,日本,1200g,老年犬,118.00,,盛来知,,,盛来知,其他,日本原产 Sunrise盛来知小型犬成犬7岁以上添加蔬菜犬粮狗粮1.2kg,Sunrise盛来知
,无,全犬种,美国,2270g,幼犬,180.00,,天衡宝,,,天衡宝,深海鱼味,法斗阿胖 带防伪美国nutural balance天衡宝三文鱼甜薯狗粮雪山粮,Natural Balance
,无,,加拿大,5440g,成犬,439.00,,加拿大,,,加拿大冠军,其他,百佳仕授权 NOW小型犬无谷狗粮泰迪贵宾全犬期天然犬粮12磅,NowFresh
,无,,其他,10000g,成犬,235.00,,多力多滋,,,多力多滋,牛肉味,美国多力多滋鸡肉牛油果钙奶配方宠物狗粮成犬10KG/包邮,多力多滋
,无,,美国,500g,全犬期,30.00,,维采,,,维采,鸡肉味,三斤包邮 分装500g WDJ推荐维采正品天然有机鸡肉狗粮原味全犬粮,other/其他
,无,,日本,250g,成犬,35.00,,日本大阪,,,日清,鸡肉味,试吃日清狗粮日本1-6岁成犬鸡肉奶酪小鱼干狗粮250g,日清
通用型,无,全犬种,美国,6350g,全犬期,450.00,犬粮,美国,,,美国钻石,鹿肉,遛狗啦 WDJ荒野盛宴无谷鹿肉鹰嘴豆全犬粮小型犬狗粮小颗粒14磅,Taste of the Wild/荒野盛宴
通用型,无,全犬种,美国,2267g,全犬期,189.00,犬粮,福摩,,,福摩,其他,福摩鸭肉甜薯狗粮低敏养胃祛泪痕泰迪金毛贵宾全犬粮5磅/2.25kg,Fromm/福摩
通用型,无,全犬种 其他 吉娃娃 哈士奇 巴哥犬 德国牧羊犬 拉布拉多 柯基 比熊 泰迪 约克夏 萨摩耶 西施犬 贵宾 金毛 阿拉斯加 雪纳瑞,美国,100500g,全犬期,334.00,犬粮,中国,,,高通惠德食品有限公司,鸡肉味,摩恩狗粮三文鱼牛肉鸡肉泰迪狗粮成犬小型犬天然粮23磅贵宾全犬期,摩恩
,无,,加拿大,2000g,全犬期,310.00,,加拿大,,,加拿大渴望,牛肉味,狗狗太爱吃！双标防伪加拿大原装Orijen渴望红肉全犬狗粮2公斤,渴望
通用型,无,全犬种,美国,9970g,成犬,850.00,,美国麻利,,,麻利,深海鱼味,美国麻利Merrick三文鱼鳟鱼无谷生鲜冻干混合狗粮犬粮全犬种22磅,麻利
,无,全犬种,加拿大,11400g,全犬期,1125.00,,中国,,,加拿大渴望,鱼肉味,双标防伪 orijen加拿大渴望六种鱼全犬期狗粮犬粮幼犬成犬粮11.4,渴望
,无,,美国,13600g,全犬期,780.00,,荒野盛宴,,,荒野盛宴,鹿肉,现货 包邮 WDJ六星荒野盛宴草原风味鹿肉牛肉小颗粒幼犬狗粮30磅,Taste of the Wild/荒野盛宴
,无,拉布拉多 德国牧羊犬 金毛 边境牧羊犬 全犬种,美国,11800g,成犬,455.00,犬粮,16321 East Arrow Highway， Irw,,,Breeder's Choice Pet Foods，Inc,鸡肉味,牛油果AVODerm 鸡肉糙米大型成犬粮26磅/11.8kg金毛拉布拉多狗粮,AVODerm/牛油果
,无,,其他,1500g,成犬,175.00,专用粮,HILLS,,,HILLS,其他,美国希尔思 W/D wd 糖尿病高血脂体重控制高血压狗粮 1.5kg希尔斯,希尔思
通用型,无,,美国,13600g,成犬,650.00,犬粮,美国,,,誉高,鸡肉味,美国誉高天然狗粮鸡肉鸭肉无谷物成犬粮30磅/13.6kg主粮多省包邮,誉高
,无,全犬种,加拿大,2700g,全犬期,290.00,,加拿大,,,渴望,鱼肉味,阿德家 正品行货 Orijen渴望六种鱼 狗粮 2.27kg 全犬天然粮 全犬,渴望
,无,全犬种,日本,3000g,幼犬,388.00,,日本,,,janp,鸡肉味,【日本代购】现货日本JANP高端天然发酵幼犬狗粮养肠胃护关节3KG,janp
,无,全犬种,新西兰,1810g,全犬期,180.00,犬粮,新西兰,,,新西兰,鱼肉味,包邮新西兰Forest天然系列全犬鱼肉无谷物低敏配方狗粮,Forest
,无,,日本,330g,全犬期,53.00,,日本,,,日本ペットフード,鸡肉味,日本原装宠物狗粮牛奶乳酪鸡胸肉蔬菜多汁魔方软泰迪幼成犬粮330g,日本ペットフード
,无,,其他,15000g,全犬期,270.00,,贵族,,,贵族,牛肉味,添添宝贝#贵族牛肉米饭成幼犬狗粮15kg大中型犬金毛萨摩 包邮,Nature’s Gift/贵族
通用型,无,全犬种,加拿大,6800g,成犬,450.00,犬粮,加拿大,,,冠军宠物食品,鸡肉味,无谷天然狗粮进口爱肯拿狗粮羊肉苹果11.4kg渴望狗粮同厂多省包邮,ACANA/爱肯拿
通用型,无,全犬种,加拿大,11400g,成犬,880.00,犬粮,加拿大,,,冠军宠物食品,羊肉味,无谷天然狗粮进口爱肯拿狗粮羊肉苹果11.4kg渴望狗粮同厂多省包邮,ACANA/爱肯拿
通用型,无,全犬种,加拿大,13000g,全犬期,870.00,犬粮,加拿大,,,冠军宠物食品,深海鱼味,加拿大狗粮爱肯拿狗粮深海鲜鱼海洋盛宴13kg无谷天然粮多省包邮,ACANA/爱肯拿
,无,全犬种,美国,8000g,成犬,410.00,,美国希尔斯,,,希尔斯,鸡肉味,美国Hills希尔斯小颗粒成犬狗粮小型犬成犬8kg 多省包邮,希尔斯
通用型,无,全犬种,加拿大,1200g,成犬,115.00,犬粮,加拿大,,,冠军宠物食品,鸡肉味,爱肯拿狗粮小型犬成犬狗粮1.2kg渴望狗粮同厂雪纳瑞狗粮多省包邮,ACANA/爱肯拿
,无,全犬种,美国,7990g,全犬期,599.00,,希尔斯,,,希尔斯,其他,希尔斯处方狗粮 cd/CD 尿结石/泌尿道维护17.6磅 24省包邮,希尔斯
,无,吉娃娃 巴哥犬 柯基 西施犬,美国,8000g,成犬,380.00,,美国希尔斯,,,希尔斯,鸡肉味,希尔斯小型犬成犬粮8k 迷你玩具犬成犬小颗粒19省包邮,希尔斯
通用型,无,全犬种,加拿大,2270g,全犬期,190.00,犬粮,加拿大,,,冠军宠物食品,鸡肉味,渴望狗粮同厂爱肯拿狗粮小型犬幼母犬2kg泰迪狗粮多省包邮,ACANA/爱肯拿
通用型,无,全犬种,加拿大,6800g,幼犬,450.00,犬粮,加拿大,,,冠军宠物食品,鸡肉味,渴望狗粮同厂爱肯拿狗粮小型犬幼母犬狗粮6.8kg比熊狗粮多省包邮,ACANA/爱肯拿
通用型,无,全犬种,加拿大,1200g,使用于怀孕42天起的母犬、哺乳期母犬及2月龄以下离乳期幼犬,115.00,犬粮,加拿大,,,冠军宠物食品,鸡肉味,爱肯拿狗粮进口小型犬幼母犬1.2kg渴望狗粮同厂多省包邮,ACANA/爱肯拿
,无,,日本,100g,幼犬,16.50,,日本,,,日清,鸡肉味,日本进口日清关节健康除便臭鸡肉干粮超小型幼犬狗粮100g 试吃装,日清
,无,,加拿大,13000g,全犬期,1225.00,,加拿大,,,渴望,鱼肉味,现货 WDJ推荐orijen渴望狗粮无谷天然全狗粮 六种鱼海藻11.4/13kg,渴望
通用型,无,吉娃娃 巴哥犬 贵宾,其他,1500g,全犬期,171.00,犬粮,Fish4Dogs.Ltd,,,Fish4Dogs.Ltd,鱼肉味,海洋之星玩具犬狗粮天然深海三文鱼1.5kg 无谷美毛全犬期宠物狗粮,Fish4Dogs/海洋之星
,无,,日本,750g,成犬,85.00,,日本,,,日清,其他,日本原产日清新款烟熏芝士奶酪南瓜750克小颗粒混合狗粮,日清
通用型,无,,其他,1500g,离乳期,160.00,犬粮,上海比瑞吉宠物用品有限公司,,,上海比瑞吉宠物用品有限公司,其他,比瑞吉狗粮 吉娃娃幼犬狗粮 小型犬幼犬粮1.5KG 比熊犬主粮 包邮,Nature Bridge/比瑞吉
通用型,无,全犬种,加拿大,1200g,成犬,125.00,犬粮,加拿大,,,爱肯拿,其他,Acana爱肯拿天然狗粮无谷鸭肉巴特利梨单一肉类低敏去泪痕1.2kg,ACANA/爱肯拿
,无,,美国,2720g,成犬,180.00,专用粮,北京,,,康慕宠物食品公司,其他,COMON无谷鲜肉美毛狗粮METZ发酵鲜肉去泪痕犬粮泰迪比熊柯基,COMON/康慕
通用型,无,全犬种,英国,12000g,幼犬,730.00,犬粮,海洋之星,,,Fish4Dogs.Ltd,鱼肉味,包邮海洋之星Fish4Dogs无谷深海鱼幼犬狗粮12kg细粒美毛天然粮,Fish4Dogs/海洋之星
,无,全犬种,加拿大,6800g,全犬期,730.00,,加拿大,,,渴望,其他,包邮加拿大Orijen渴望红肉无谷全犬粮6.8kg双标防伪天然狗粮,渴望牧场
,无,全犬种,美国,1800g,全犬期,193.00,犬粮,百利,,,百利,其他,WDJ美国NV百利无谷生鲜干狗粮鸭肉火鸡全犬冻干肉粒4.1磅现货,百利
,无,全犬种,加拿大,2000g,全犬期,290.00,犬粮,美国,,,天道,其他,美国进口Nature's Logic天道高端纯天然狗粮火鸡肉2KG,firstmate费思美
通用型,无,全犬种,其他,1600g,成犬,70.00,犬粮,台湾,,,璋春,其他,优选 纯天然狗粮 美毛亮毛配方1.6kg 23省包邮,优选
通用型,无,全犬种 其他 吉娃娃 哈士奇 巴哥犬 德国牧羊犬 拉布拉多 柯基 比熊 泰迪 约克夏 萨摩耶 西施犬 贵宾 边境牧羊犬 金毛 阿拉斯加 雪纳瑞,美国,7980g,成犬,655.00,专用粮,美国,,,希尔思宠物营养公司,其他,"授权正品美国Hill""s希尔思/斯id低脂肪胰腺炎肠胃炎狗粮i/d17.6磅",希尔思
,无,吉娃娃 比熊 泰迪 约克夏 西施犬 贵宾 雪纳瑞,比利时,8160g,全犬期,470.00,,耐吉斯,,,耐吉斯,其他,进口耐吉斯小型玩赏犬成犬幼犬狗粮18磅低敏去泪痕泰迪比熊贵宾犬,耐吉斯
,无,,美国,13000g,使用于怀孕42天起的母犬、哺乳期母犬及2月龄以下离乳期幼犬,460.00,,美国,,,广州利丰贸易有限公司,其他,正品美国HALO自然光环野生三文鱼蔬菜狗粮28磅成幼犬天然粮去泪痕,other/其他
,无,全犬种 吉娃娃 哈士奇 巴哥犬 德国牧羊犬 拉布拉多 柯基 比熊 泰迪 约克夏 萨摩耶 西施犬 贵宾 边境牧羊犬 金毛 阿拉斯加 雪纳瑞,美国,5440g,成犬,459.00,,Merrick,,,Merrick宠物食品公司,鱼肉味,麻利Merrick进口狗粮无谷三文鱼配方成犬通用12磅/5.44kg包邮,Merrick
通用型,无,全犬种,日本,8000g,成犬,198.00,犬粮,日本,,,爱丽思宠物食品有限公司,牛肉味,正品包邮爱丽思/爱丽丝IRIS狗粮ONE CARE纯天然牛肉蔬菜成犬粮8KG,IRIS/爱丽思
,无,,韩国,500g,全犬期,25.00,,韩国,,,both,鱼肉味,韩国BOTH贵宾犬成犬粮500g三文鱼鸭肉海藻硫素天然粮,BOTH
,无,全犬种,英国,1500g,幼犬,150.00,,海洋之星,,,海洋之星,鱼肉味,海洋之星无谷抗敏美毛配方狗粮泰迪萨摩金毛深海鱼幼犬1.5kg3斤装,Fish4Dogs/海洋之星
,无,全犬种,比利时,12000g,成犬,420.00,犬粮,,,,WoofStard嗗达,鸡肉味,多省包邮 比利时原装进口 WoofStard嗗达天然成犬鸡肉狗粮12KG,WOOFSTARD/嗗达
,无,,美国,5500g,全犬期,510.00,犬粮,"Mequon,Wisconsin 53092",,,Fromm Family Foods LLc,其他,包邮WDJ推荐 美国FROMM福摩犬粮无谷三文鱼鸭肉蔬菜配方狗粮12磅,Fromm/福摩
,无,全犬种,加拿大,2270g,成犬,252.00,,Orijen渴望,,,Orijen渴望,鸡肉味,现货双标 加拿大Orijen渴望成犬狗粮 2.27KG 可查防伪 正规代理,Orijen渴望
,无,,美国,5440g,成犬,450.00,,美国,,,麻利,鱼肉味,麻利Merrick进口狗粮无谷三文鱼配方成犬通用12磅/5.44kg包邮,Merrick
通用型,无,全犬种 其他 吉娃娃 哈士奇 巴哥犬 德国牧羊犬 拉布拉多 柯基 比熊 泰迪 约克夏 萨摩耶 西施犬 贵宾 边境牧羊犬 金毛 阿拉斯加 雪纳瑞,美国,13607g,全犬期,1043.00,犬粮,美国,,,威斯康辛州工厂,其他,包邮--香港宠物店福摩Fromm鸭肉甜署30磅27斤天然全犬狗粮,Fromm/福摩
,无,,日本,1200g,成犬,138.00,专用粮,盛来知,,,盛来知,鸡肉味,日本原产盛来知Sunrise鸡肉味狗粮 小型犬成犬软干粮1.2kg,盛来知
,无,,比利时,500g,幼犬,27.50,犬粮,比利时,,,嗗达,鸡肉味,5比利时进口狗粮WooFStard嗗达天然鸡肉配方幼犬散装狗粮试吃装,嗗达
,无,,美国,2270g,全犬期,210.00,,美国福摩,,,美国福摩,鸡肉味,WDJ推荐美国Fromm福摩鸡肉鱼蔬菜配方美毛狗粮全犬5磅,Fromm/福摩
,无,全犬种 吉娃娃 哈士奇 巴哥犬 德国牧羊犬 拉布拉多 柯基 比熊 泰迪 约克夏 萨摩耶 西施犬 贵宾 边境牧羊犬 金毛 阿拉斯加 雪纳瑞,加拿大,1200g,全犬期,120.00,犬粮,冠军食品公司,,,冠军宠物食品,鸡肉味,加拿大ACANA 爱肯拿无谷农场盛宴鸡肉鱼狗粮1.2kg全年龄幼成犬粮,ACANA/爱肯拿
,无,全犬种,美国,10886g,幼犬,730.00,,北美之旅,,,北美之旅,鸡肉味,American Journey北美之旅无谷鸡肉甜薯配方母幼犬狗粮24磅10.8KG,北美之旅
其他,无,全犬种,其他,3000g,全犬期,76.00,犬粮,上海,,,皇家,其他,皇家A3狗粮/全犬狗粮幼犬及怀孕犬3KG 金毛德牧拉布拉多幼犬粮,皇家
,无,,加拿大,1000g,全犬期,268.00,,渴望,,,渴望,鱼肉味,新包装加拿大Orijen渴望六种鱼美毛狗狗粮幼犬成犬1kg天然进口粮,渴望
,无,全犬种,澳大利亚,2500g,成犬,298.00,犬粮,MASTERPET,,,MASTERPET,金枪鱼,原装进口澳洲BLACK HAWK黑鹰 通用型成犬无谷三文鱼狗粮2.5公斤装,BLACK HAWK黑鹰
,无,全犬种,澳大利亚,2500g,成犬,298.00,犬粮,MASTERPET,,,MASTERPET,鸡肉味,原装进口澳洲BLACK HAWK黑鹰通用型全阶段无谷鸡肉狗粮2.5公斤,BLACK HAWK黑鹰
其他,无,其他 哈士奇 德国牧羊犬 拉布拉多 萨摩耶 边境牧羊犬 金毛 阿拉斯加,其他,24000g,成犬,1000.00,犬粮,"C/ Calle de la Electrónica, 16 Polígono la Ferrería, 08110 Montcada i Reixac, Barcelona (Spain)",,,"DingoNatura, S.L",羊肉味,进口狗粮成年犬通用型无谷低敏鲜肉金毛阿拉斯加萨摩耶包邮现货,DingoNatura
,无,,爱尔兰,10000g,成犬,120.00 - 165.00,,100,,,100,牛肉味,拍下120元 美滋元狗粮10KG牛肉肝及蔬菜味 泰迪犬粮 宠物粮包邮,Pedigree/宝路
通用型,无,全犬种,英国,500g,幼犬,30.00,犬粮,海洋之星,,,海洋之星,鱼肉味,Fish4Dogs海洋之星 幼犬狗粮 深海鱼小颗粒 美毛 500g分装试吃,Fish4Dogs/海洋之星
通用型,无,,其他,2000g,成犬,87.00,犬粮,.,,,111,羊肉味,澳洲配方贵族 天然阿拉斯加泰迪成犬蓝莓番茄味2kg 通用型狗粮,贵族
通用型,无,全犬种,泰国,1600g,幼犬,539.00,犬粮,100,,,上海比瑞吉公司,其他,比瑞吉中草药天然狗粮优本固本康复处方粮全犬种犬粮10KG,Nature Bridge/比瑞吉
通用型,无,全犬种,其他,10000g,全犬期,260.00,犬粮,上海市金山区亭林工业区,,,上海皇姿宠物用品有限公司,鸡肉味,包邮伊莎米尔10kg幼犬粮 泰迪金毛萨摩耶博美贵宾专用粮天然狗粮,伊莎米尔
,无,全犬种,加拿大,2270g,幼犬,245.00,,渴望Orijen,,,渴望Orijen,鱼肉味,加拿大Orijen渴望狗粮美毛天然无谷幼犬粮2.27kg 全犬种通用,渴望Orijen
贵宾/泰迪,无,全犬种,其他,2000g,成犬,65.00,犬粮,山东,,,麦富迪,牛肉味,麦富迪狗粮 牛肉粒双料双拼贵宾泰迪成犬粮2kg美毛去泪痕主粮包邮,MYFOODIE/麦富迪
,无,全犬种,其他,1000g,成犬,65.00,犬粮,巴西,,,Mogiana,牛肉味,米泡 FARO巴西法鲁适贵宾等各种犬种 高能营养成犬粮1KG  买10送1,FARO法鲁
,无,全犬种,比利时,10880g,全犬期,688.00,专用粮,比利时,,,canine caviar,鸡肉味,wdj推荐美国卡拉鱼子酱特殊需求配方 低敏减肥老年全犬狗粮 24磅,canine caviar
通用型,无,全犬种,加拿大,11400g,成犬,215.00,犬粮,ACANA/爱肯拿,,,ACANA/爱肯拿,羊肉味,加拿大进口爱肯拿ACANA无谷羊肉苹果配方狗粮低敏小型全犬期粮2kg,ACANA/爱肯拿
,无,全犬种,美国,85g,全犬期,6.00,,美国,,,福摩,鱼肉味,FROMM福摩狗粮 无谷三文鱼鸭肉蔬菜全犬期美毛小粒 85g试用装,Fromm/福摩
通用型,无,,美国,13610g,全犬期,750.00,犬粮,美国,,,"Tri-Natural Products,Inc",其他,美国福摩Fromm鸡肉鱼蔬菜配方全犬狗粮 30磅,Fromm/福摩
,无,,新西兰,3000g,全犬期,230.00 - 250.00,,新西兰,,,ZEAL,鸡肉味,包邮! 新西兰ZEAL 天然软犬粮 鸡肉味 3KG 狗粮 适口性好,新西兰ZEAL
,无,,美国,500g,幼犬,25.00,,AvoDerm牛油果,,,AvoDerm牛油果,鸡肉味,正品美国进口AvoDerm牛油果幼犬助长配方狗粮金毛泰迪500克分装,Avoderm
,无,其他,加拿大,11300g,全犬期,738.05,,加拿大,,,加拿大冠军厂,鱼肉味,加拿大Go Natural 三文鱼全犬 美毛狗粮25磅 可查防伪,GO
,无,,加拿大,1200g,全犬期,155.00,,渴望,,,渴望,鱼肉味,行货双防伪标 加拿大Orijen渴望无谷六种鱼成犬幼犬全犬狗粮1.2kg,Orijen渴望
,无,,英国,2267g,全犬期,175.00,犬粮,中国,,,英国蓝氏,鱼肉味,蓝氏狗粮三文鱼蛋黄无谷冻干粮低敏成犬幼犬全犬粮5磅（买1送4）,英国蓝氏
,无,,其他,100g,幼犬,125.00,,比利时,,,耐吉斯,鸡肉味,宠物狗狗主粮耐吉斯大型犬金毛幼犬鸡肉三文鱼1.36kg低敏天然狗粮,耐吉斯
通用型,无,,其他,1200g,全犬期,125.00,犬粮,加拿大,,,天俊国际有限公司,其他,无谷羊肉苹果配方 爱肯拿天然粮1.2kg 全犬种犬主粮亮毛补钙狗粮,ACANA/爱肯拿
金毛,无,金毛,其他,15000g,幼犬,750.00,犬粮,杭州,,,杭州华瑞饲料有限公司,鸡肉味,巴西淘淘力派中大型犬幼犬天然狗粮15KG拉拉阿拉斯加萨摩耶犬主粮,EQUIL I BRIO/力派
贵宾/泰迪,无,泰迪,其他,10100g,幼犬,602.50,犬粮,杭州,,,杭州华瑞饲料有限公司,鸡肉味,巴西淘淘力派小型幼犬狗粮10.1kg 小狗泰迪犬主粮去泪痕宠物粮食,EQUIL I BRIO/力派
贵宾/泰迪,无,泰迪,其他,2000g,成犬,160.00,犬粮,杭州,,,杭州华瑞饲料有限公司,鸡肉味,巴西淘淘力派小型犬成犬狗粮2kg贵宾泰迪犬雪纳瑞天然粮宠物粮食,EQUIL I BRIO/力派
,无,全犬种,加拿大,2700g,全犬期,239.00,,百加世宠物食品有限公司,,,百加世宠物食品有限公司,鱼肉味,GO!进口狗粮全犬三文鱼6磅抗敏美毛金毛成犬幼犬宠物天然犬主粮,GO
,无,,新西兰,500g,全犬期,280.00,,"4meihana place,Hastings",,,Freeze Dried Food New,鸡肉味,K9冷冻干燥鸡肉350g犬用营养美毛狗粮天然粮宠物犬主粮宠物狗粮食,K10Natural
通用型,无,,其他,12000g,成犬,710.00,犬粮,中国,,,深圳海洋之星宠物食品有限公司,鱼肉味,海洋之星深海鱼大型犬狗粮12kg去泪痕金毛拉布拉多萨摩耶成犬主粮,Fish4Dogs/海洋之星
通用型,无,,其他,6000g,幼犬,435.00,犬粮,中国,,,深圳海洋之星宠物食品有限公司,鱼肉味,海洋之星狗粮深海鱼6kg抗敏美毛去泪痕雪纳瑞泰迪小狗幼犬主粮,Fish4Dogs/海洋之星
贵宾/泰迪,无,,其他,500g,幼犬,33.00,奶糕,上海宠一贸易有限公司,,,上海宠一贸易有限公司,鱼肉味,BOTH贵宾犬奶糕500g 泰迪幼犬狗粮犬主粮 无谷低敏天然粮宠物粮食,韩国BOTH
金毛,无,,其他,500g,幼犬,30.00,奶糕,上海宠一贸易有限公司,,,上海宠一贸易有限公司,鱼肉味,BOTH中大型犬奶糕500g 金毛幼犬狗粮美毛易消化 宠物天然粮犬主粮,韩国BOTH
,无,,加拿大,10000g,全犬期,679.00,,百加世宠物食品有限公司,,,百加世宠物食品有限公司,鱼肉味,GO!全犬三文鱼进口狗粮25磅拉布拉多大型幼犬成犬宠物天然犬主粮,GO
,无,,新西兰,1000g,全犬期,325.00,,广州,,,广州海际宠物贸易有限公司,牛肉味,巅峰ZiwiPeak进口狗粮风干牛肉配方全犬粮营养美毛天然宠物主粮,ZIWI
,无,,新西兰,500g,全犬期,280.00,,"5 meihana place,Hastings",,,Freeze Dried Food New,羊肉味,K9冷冻干燥羊肉500g犬用营养美毛狗粮天然粮宠物犬主粮宠物狗粮食,K11Natural
通用型,无,全犬种,其他,1200g,成犬,120.00,犬粮,加拿大,,,天俊国际有限公司,其他,爱肯拿无谷鸡肉鱼配方全犬种狗粮1.2kg 泰迪金毛犬主粮宠物粮食,ACANA/爱肯拿
,无,全犬种,新西兰,1000g,全犬期,325.00,,新西兰巅峰,,,新西兰巅峰,牛肉味,纽西兰进口ZiwiPeak巅峰98%鲜肉狗粮全犬牛肉配方1kg,巅峰
,无,吉娃娃 巴哥犬 柯基 比熊 泰迪 约克夏 西施犬 贵宾,美国,1360g,成犬,97.00,专用粮,COMON宠物食品公司,,,COMON宠物食品公司,鸡肉味,COMON康慕无谷鲜肉狗粮益生菌肠道护理泰迪比熊低盐低脂粮,COMON
,无,全犬种,其他,,幼犬,22.50,犬粮,,,,巴西淘淘,其他,巴西淘淘 力派均衡 中大型犬幼犬狗粮金毛拉布拉多萨摩500G散装,TOTAL EQUILIBRIO
通用型,无,全犬种,其他,2000g,幼犬,180.00,犬粮,巴西,,,巴西淘淘宠物食品有限公司,其他,巴西淘淘小型犬幼犬狗粮2kg贵宾泰迪比熊天然去泪痕,TOTAL EQUILIBRIO
,无,吉娃娃 巴哥犬 柯基 比熊 泰迪 约克夏 西施犬 贵宾 雪纳瑞,其他,6800g,全犬期,479.00,,mentos/曼妥思,,,mentos/曼妥思,其他,mentos曼妥思狗粮小颗粒奶糕挑嘴配方全期犬粮6.8KG 小型犬用,mentos/曼妥思
,无,哈士奇 德国牧羊犬 拉布拉多 萨摩耶 边境牧羊犬 金毛 阿拉斯加,其他,6800g,全犬期,479.00,,mentos/曼妥思,,,mentos/曼妥思,其他,mentos曼妥思狗粮高能量大颗粒挑嘴配方全期犬粮6.8KG 中大型犬用,mentos/曼妥思
通用型,无,全犬种,其他,1500g,幼犬,150.00,犬粮,Fish4Dogs/海洋之星,,,Fish4Dogs/海洋之星,鱼肉味,包邮 海洋之星狗粮天然无谷深海鱼幼犬美毛狗粮1.5kg小颗粒通用粮,Fish4Dogs/海洋之星
,无,全犬种,美国,11700g,幼犬,540.00,,美国,,,牛油果,鸡肉味,AvoDerm美国牛油果狗粮幼犬鸡肉助长配方犬粮26磅 全犬种,Avoderm
通用型,无,全犬种,其他,10000g,幼犬,399.00,,mentos/曼妥思,,,mentos/曼妥思,其他,mentos曼妥思狗粮天然野味配方幼犬粮10kg金毛萨摩哈士奇泰迪狗粮,mentos/曼妥思
,无,哈士奇 德国牧羊犬 拉布拉多 萨摩耶 边境牧羊犬 金毛 阿拉斯加,其他,2000g,全犬期,189.00,,mentos/曼妥思,,,mentos/曼妥思,其他,mentos曼妥思狗粮高能量大颗粒挑嘴配方全期犬粮2KG 中大型犬用,mentos/曼妥思
通用型,无,全犬种,其他,10000g,成犬,380.00,犬粮,mentos/曼妥思,,,mentos/曼妥思,其他,mentos曼妥思狗粮天然野味配方成犬粮10kg金毛萨摩哈士奇泰迪狗粮,mentos/曼妥思
通用型,无,,其他,2000g,成犬,320.00,犬粮,详见描述,,,详见描述,鱼肉味,佩玛思特狗粮成犬粮2kg送400克 天然粮非转基因贵宾泰迪博美,Petmaster/佩玛思特
,无,全犬种 吉娃娃 哈士奇 巴哥犬 德国牧羊犬 拉布拉多 柯基 比熊 泰迪 约克夏 萨摩耶 西施犬 贵宾 边境牧羊犬 金毛 阿拉斯加 雪纳瑞,加拿大,500g,全犬期,35.00,犬粮,"9503-90Avenue,Morinville,Alverta,T8R  1K7,Canada",,,冠军食品公司,鸡肉味,犬主粮 加拿大ACANA爱肯拿经典农场盛宴鸡肉鱼狗粮 500g 分装试吃,ACANA/爱肯拿
,无,全犬种,荷兰,2000g,成犬,15.00 - 175.00,犬粮,荷兰,,,Jawaer,鸡肉味,自用荷兰进口狗粮Jawaer嘉娃成犬 鸡肉米饭  营养天然粮包邮,Jawaer
,无,,比利时,1360g,幼犬,10.00 - 125.00,,比利时,,,耐吉斯,鸡肉味,耐吉斯幼犬狗粮1.36kg  鸡肉三文鱼低敏 比利时进口天然粮包邮,耐吉斯
通用型,无,拉布拉多,美国,20000g,幼犬,160.00,犬粮,上海,,,宠多格宠物食品有限公司,牛肉味,拉布拉多专用成幼犬奶糕补钙狗粮进口配方大包装20kg40斤包邮,品尼高
通用型,无,全犬种 其他 吉娃娃 哈士奇 巴哥犬 德国牧羊犬 拉布拉多 柯基 比熊 泰迪 约克夏 萨摩耶 西施犬 贵宾 边境牧羊犬 金毛 阿拉斯加 雪纳瑞,比利时,2000g,成犬,148.00,犬粮,unitedpetfoodproduc,,,unitedpetfoodproduc,鸡肉味,进口比利时天然粮啃达鸡肉味成犬粮泰迪金毛小中型犬通用狗粮2kg,啃达
通用型,无,,其他,1500g,全犬期,150.00,犬粮,,,,Fish4Dogs.Ltd,鱼肉味,海洋之星三文鱼玩具犬全犬期狗粮泰迪贵宾美毛无谷天然粮1.5kg,Fish4Dogs/海洋之星
通用型,无,全犬种,美国,2000g,幼犬,180.00,犬粮,,,,美国牛油果,鸡肉味,进口原装美国牛油果幼犬助长狗粮4.4磅美毛天然粮泰迪贵宾萨摩犬,牛油果
,无,,比利时,1360g,幼犬,156.25,犬粮,Terdonkkaai 16，9042,,,United Petfood PriducerNV,其他,耐吉斯进口天然粮幼犬鸡肉三文鱼小狗犬粮泰迪贵宾比熊狗粮3磅,耐吉斯
,无,,比利时,7257g,全犬期,550.00,犬粮,Terdonkkaai 16，9042,,,United Petfood Priducers NV,其他,耐吉斯进口天然粮幼犬鸡肉三文鱼小狗犬粮泰迪贵宾比熊狗粮16磅,耐吉斯
,无,,比利时,8160g,全犬期,587.50,,Terdonkkaai 16，9042,,,United Petfood Priducers NV,其他,耐吉斯进口狗粮贵宾雪纳瑞泰迪犬粮低敏鸡肉成幼犬天然主粮18磅,耐吉斯
,无,,比利时,1496g,全犬期,175.00,犬粮,Terdonkkaai 16，9042,,,United Petfood Priducers NV,鸡肉味,耐吉斯进口狗粮贵宾雪纳瑞泰迪犬粮低敏鸡肉成幼犬天然主粮3.3磅,耐吉斯
,无,,比利时,12700g,全犬期,800.00,犬粮,Terdonkkaai 16，9042,,,United Petfood Priducers NV,其他,耐吉斯天然粮进口大型成犬金毛边牧萨摩耶低敏犬粮鸡肉三文鱼28磅,耐吉斯
,无,全犬种,加拿大,11400g,全犬期,880.00,犬粮,加拿大,,,champion petfoods,鸭肉,加拿大acana爱肯拿无谷升级版鸭肉梨全犬狗粮11.4kg 低敏去泪痕,爱肯拿
,无,全犬种,加拿大,11400g,全犬期,880.00,犬粮,加拿大,,,champion petfoods,其他,新品加拿大Acana爱肯拿无谷野生猪南瓜全犬配方狗粮11.4kg易吸收,爱肯拿
,无,,新西兰,900g,全犬期,325.00,,ADD Addiction优之选,,,ADD Addiction优之选,牛肉味,新西兰ADD Addiction优之选无谷脱水狗粮干粮肉松粮牛肉西葫芦2磅,ADD Addiction优之选
通用型,无,,美国,1000g,全犬期,33.00,犬粮,P.O. Box 3608 San Luis Obispo,,,CANIDAE CORPORATION,其他,卡比Canidae 四种肉原味天然配方成幼犬狗粮1KG 包邮,卡比
通用型,无,全犬种 其他 吉娃娃 哈士奇 巴哥犬 德国牧羊犬 拉布拉多 柯基 比熊 泰迪 约克夏 萨摩耶 西施犬 贵宾 边境牧羊犬 金毛 阿拉斯加 雪纳瑞,其他,3000g,离乳期,179.00,专用粮,中国,,,皇家宠物食品,其他,【多省包邮】 法国皇家小型犬奶糕怀孕及离乳小型幼犬粮3kg,ROYAL CANIN/皇家
通用型,无,全犬种,美国,1360g,幼犬,289.00,犬粮,METZ/玫斯,,,METZ/玫斯,其他,METZ玫斯天然无谷物鲜肉宠物幼犬粮12磅/5.45kg贵宾比熊通用狗粮,METZ/玫斯
,无,,美国,3000g,全犬期,285.00 - 320.00,,日本,,,日本Artemis,鸡肉味,现货包邮日本Artemis宠物狗狗雅思松茸狗粮减肥犬低脂粮小颗粒3kg,Artemis
,无,全犬种,美国,13000g,全犬期,780.00,犬粮,美国,,,Diamond Pet Foods,其他,美国荒野盛宴国际版峡谷野猪无谷全犬配方狗粮13kg双标防伪 包邮,Taste of the Wild/荒野盛宴
,无,全犬种,其他,2000g,成犬,242.00,,巴西淘淘,,,EQUIL I BRIO/力派,其他,优惠巴西淘淘处方狗粮CA力派心脏病粮2kg心力衰竭高血压腹水包邮,TOTAL EQUILIBRIO
通用型,无,,加拿大,6000g,全犬期,675.00,犬粮,加拿大亚伯达省,,,加拿大渴望,鱼肉味,现货 Orijen渴望狗粮 六种鱼全犬粮6kg成犬幼犬泰迪金毛边境美毛,Orijen
通用型,无,,加拿大,11400g,全犬期,1125.00,犬粮,加拿大亚伯达省渴望,,,加拿大亚伯达省渴望,鱼肉味,现货 Orijen渴望狗粮 六种鱼犬粮11.4kg成犬幼犬泰迪金毛边境美毛,渴望
,无,,加拿大,1200g,全犬期,120.00,犬粮,加拿大爱肯拿,,,加拿大进口粮,鱼肉味,「天俊授权」Acana爱肯拿天然狗粮无谷全犬深海鱼美毛配方 1.2kg,ACANA 爱肯拿
,无,全犬种,新西兰,1490g,全犬期,180.00,,K9,,,K9,其他,【包邮】 K9原味半冻干软粮D4全年龄狗粮3.3磅牛肉软骨犬粮1.49kg,other/其他
,无,,加拿大,11300g,全犬期,629.00,,加拿大,,,go,羊肉味,官方授权带防伪加拿大Go Natural生命防护系列羊肉全犬狗粮25磅,GO
通用型,无,全犬种,美国,2000g,全犬期,215.00,犬粮,美国,,,美国鱼子酱,鸡肉味,鱼子酱鸡肉御谷全犬期狗粮4.4磅/2kg天然成犬宠物犬粮,美国鱼子酱
通用型,无,全犬种,其他,2500g,全犬期,38.40,犬粮,贝卓,,,上海鹰迪宠物用品,牛肉味,幼犬粮5斤小狗娘通用型比熊专用 泰迪贵宾小型犬2.5kg5斤,other/其他
,无,,新西兰,425g,全犬期,240.00,犬粮,新西兰,,,KIWI KITCHENS,牛肉味,酒鬼一家  新西兰原装进口KIWI KITCHENS  牛肉配方冻干犬粮 425g,kiwi
,无,全犬种,加拿大,1000g,成犬,60.00,犬粮,加拿大妙趣,,,加拿大妙趣,牛肉味,加拿大妙趣天然成犬狗粮牛肉味狗粮1kg60元 3kg150元 10kg388元,mutural/妙趣
通用型,无,全犬种,美国,3000g,全犬期,295.00,犬粮,厂址,,,美国凌采宠物食品,鸡肉味,双标防伪美国进口凌采evo狗粮天然火鸡6.6磅/6斤狗粮小颗粒,凌采EVO
,无,,日本,270g,成犬,50.00,,888,,,222,牛肉味,现货 日本 新款日清牛肉营养幸福成犬1~6岁狗粮 270g,日本代购
,无,全犬种,加拿大,2000g,幼犬,178.00,,加拿大卡宣布路123号,,,加拿大汤美仕伽,鸡肉味,加拿大进口狗粮TEB!汤恩贝D1天然无谷火鸡肉小型幼犬粮4.4磅包邮,TEB!汤恩贝
,无,全犬种,加拿大,6800g,成犬,440.00,,渴望,,,渴望,鸡肉味,大促  WDJ推荐加拿大Orijen渴望无谷成犬配方狗粮6kg 6.8公斤13磅,渴望
通用型,无,全犬种 吉娃娃 巴哥犬 柯基 比熊 泰迪 约克夏 西施犬 贵宾 雪纳瑞,其他,2000g,幼犬,165.00,犬粮,巴西米纳斯吉拉斯州，费尔南迪亚斯公755Km处,,,TOTAL Alimentos S.A.,其他,巴西淘淘狗粮 力派小型犬幼犬粮2kg进口博美犬泰迪比熊去泪痕狗粮,TOTAL EQUILIBRIO
通用型,无,,英国,1500g,幼犬,150.00,犬粮,英国海洋之星,,,海洋之星,鱼肉味,英国海洋之星天然无谷幼犬狗粮中小型犬1.5kg泰迪贵宾去泪痕美毛,Fish4Dogs/海洋之星
,无,全犬种,加拿大,2270g,全犬期,245.00 - 290.00,犬粮,加拿大,,,加拿大Orijen,鱼肉味,现货加拿大Orijen渴望六种鱼海藻无谷狗粮全犬期天然粮2.27kg包邮,加拿大Orijen渴望
通用型,无,全犬种 其他 吉娃娃 哈士奇 巴哥犬 德国牧羊犬 拉布拉多 柯基 比熊 泰迪 约克夏 萨摩耶 西施犬 贵宾 边境牧羊犬 金毛 阿拉斯加 雪纳瑞,美国,13600g,全犬期,790.00,犬粮,美国,,,美国福摩,鱼肉味,美国福摩Fromm三文鱼蔬菜犬狗粮30磅泰迪贵宾成犬幼犬美毛,Fromm/福摩
通用型,无,全犬种 其他 吉娃娃 哈士奇 巴哥犬 德国牧羊犬 拉布拉多 柯基 比熊 泰迪 约克夏 萨摩耶 西施犬 贵宾 边境牧羊犬 金毛 阿拉斯加 雪纳瑞,美国,13600g,全犬期,790.00,犬粮,美国福摩,,,美国福摩,鸭肉,美国福摩Fromm鸭肉甜薯犬狗粮30磅肠胃敏感泰迪比熊成犬幼犬,Fromm/福摩
日本柴犬,无,,日本,1200g,幼犬,118.00,,日本大阪,,,株式会社,鸡肉味,现货  日本犬柴犬幼犬专用狗粮1.2KG鱼肉味富含DHA EPA●,日本代购
,无,,日本,3000g,成犬,428.00 - 458.00,,JanP,,,JanP,鸡肉味,日本Pet Do自然发酵制狗粮 美毛亮毛保护关节 成犬粮 整包3000g,Pet Do
,无,,日本,3000g,幼犬,458.00,,JanP,,,JanP,鸡肉味,日本Pet Do自然发酵制狗粮 美毛亮毛保护关节 幼犬粮 整包3000g,Pet Do
,无,,加拿大,2000g,全犬期,175.00,,加拿大爱肯拿,,,Canadian champion pet,其他,「临期特价」 WDJ推荐爱肯拿无谷犬农场盛宴配方宠物全犬狗粮 2Kg,ACANA 爱肯拿
通用型,无,全犬种,澳大利亚,10000g,成犬,338.00,犬粮,澳洲,,,SJ Alliance Australia,羊肉味,包邮 澳维加 羊肉米饭成犬粮10KG 澳大利亚进口 美毛健康天然狗粮,OZVIC/澳维加
通用型,无,,美国,10659g,全犬期,650.00,犬粮,美国,,,美国维采,牛肉味,现货WDJ五星级美国维采野牛肉白鱼无谷有机粮幼犬成犬粮23.5磅,维采
通用型,无,哈士奇 巴哥犬 德国牧羊犬 拉布拉多 柯基 萨摩耶 边境牧羊犬 金毛 雪纳瑞,美国,12700g,全犬期,780.00,犬粮,美国,,,美国钻石工厂,鹿肉,WDJ六星荒野盛宴松林风味鹿肉羊肉标准颗粒狗粮28磅,Taste of the Wild/荒野盛宴
,无,全犬种,美国,11339g,成犬,850.00,犬粮,,,,麻利,鸡肉味,美国进口麻利Merrick天然鸡肉狗粮无谷成犬粮全犬种25磅,Merrick
,无,全犬种,比利时,1200g,成犬,110.00,,比利时猋狗粮,,,比利时 猋狗粮,鸡肉味,ProPURE猋无谷天然狗粮成犬鸡肉 比利时进口狗粮 无谷天然粮1.2KG,猋
通用型,无,,比利时,1000g,成犬,120.00,犬粮,耐吉斯,,,耐吉斯,鸡肉味,进口耐吉斯鸡肉三文鱼配方泰迪比熊成犬粮3.0磅小型成犬天然狗粮,耐吉斯
,无,全犬种,加拿大,2270g,全犬期,290.00,,加拿大渴望公司,,,加拿大渴望公司,鱼肉味,呆萌宠 渴望orijen六种鱼犬粮2.27kg 泰迪金毛无谷天然狗粮赠零食,Orijen
,无,全犬种,比利时,6000g,幼犬,260.00,犬粮,嗗达,,,嗗达,鸡肉味,【幼犬6kg】WOOFSTARD 嗗达狗粮 天然幼犬粮 不分体型,WOOFSTARD/嗗达
,无,,新西兰,3000g,全犬期,285.00,,新西兰,,,新西兰,鹿肉,ZEAL新西兰天然配方半湿粮软粮鹿肉全犬粮3KG6.5磅,zeal
通用型,无,全犬种,其他,1500g,幼犬,425.00,犬粮,海洋之星,,,海洋之星,鱼肉味,海洋之星幼犬狗粮小颗粒6kg 天然粮【杨大福,Fish4Dogs/海洋之星
通用型,无,全犬种,其他,6000g,成犬,405.00,犬粮,英国,,,海洋之星,鱼肉味,海洋之星成犬狗粮小颗粒三文鱼6kg 天然粮狗粮【杨大福,Fish4Dogs/海洋之星
,无,全犬种,美国,57g,全犬期,88.00,,百利,,,百利,鸡肉味,白猪商店 高级冻干粮 百利Instinct冻干生鲜水果肉块鸡肉狗粮57g,百利
,无,,美国,9000g,全犬期,769.00,,Instinct,,,Instinct,鸡肉味,白猪商店 美国进口Instinct百利金装无谷高蛋白鸡肉全犬狗粮20磅,Instinct
通用型,无,,美国,2267g,全犬期,476.00,犬粮,美国福摩宠物厂家,,,美国福摩宠物厂家,其他,美国进口福摩fromm鸭肉甜薯蔬菜配方通用型全犬粮狗主粮,Fromm/福摩
,无,全犬种,美国,2040g,全犬期,476.00,犬粮,美国雪山,,,美国雪山,鸭肉,美国进口天衡宝（原雪山）天然狗粮鸭薯低敏无谷全犬通用犬粮,美国雪山
,无,,美国,1800g,全犬期,456.00,,美国福摩宠物厂家,,,美国福摩宠物厂家,兔肉+鸭肉,福摩犬粮 美国狗粮Fromm无谷鸭肉兔肉幼成犬粮天然狗粮4磅泰迪,Fromm/福摩
,无,,美国,1800g,全犬期,456.00,,美国,,,威斯康辛州工厂,其他,美国进口福摩Fromm狗粮4磅无谷猎年幼成全犬粮,Fromm/福摩
,无,全犬种,新西兰,500g,全犬期,35.00,,zeal,,,zeal,鱼肉味,纽西兰Zeal 天然半湿狗粮鳟鱼配方 新西兰进口鲜肉狗粮500克分装,ZEAL
通用型,无,,英国,1500g,成犬,140.00,犬粮,中国,,,海洋之星,鱼肉味,海洋之星天然粮无谷狗粮泰迪通用犬粮通用型深海鱼成犬小颗1.5kg,Fish4Dogs/海洋之星
通用型,无,,其他,2000g,幼犬,165.00,犬粮,,,,TOTAL EQUILIBRIO,其他,宠物狗粮巴西淘淘泰迪比熊小型犬幼犬粮食品 犬主粮包邮2kg,TOTAL EQUILIBRIO
,无,,美国,453g,全犬期,29.00,,美国,,,百利工厂,鸡肉味,美国百利狗粮 本能无谷鸡肉全犬期狗粮 幼犬成犬粮 1磅试吃,百利
,无,,其他,15000g,成犬,695.00,,加拿大,,,壹之选,羊肉味,现货香港购 加拿大 1ST CHOICE 壹之选敏感皮肤羊鱼配方狗粮15KG,壹之选
,无,,其他,2000g,老年犬,148.00,,法国,,,ROYAL CANIN,鸡肉味,香港购 法国ROYAL CANIN原装皇家小型犬老犬专用狗粮2KG,皇家
,无,,其他,1500g,成犬,108.00,,法国,,,ROYAL CANIN,其他,香港购 法国ROYAL CANIN皇家超小型八岁以上成犬狗粮 1.5KG,ROYAL CANIN/皇家
,无,约克夏,其他,1500g,成犬,158.00,,法国,,,ROYAL CANIN,鸡肉味,香港购 法国原装ROYAL CANIN皇家约克夏成犬专用狗粮1.5KG,ROYAL CANIN
,无,全犬种,美国,500g,幼犬,25.00,,美国,,,美国宠物食品公司,鸡肉味,【宠物印象】WDJ推荐美国鱼子酱无谷鸡肉幼犬期狗粮 分装500G,美国鱼子酱
,无,,加拿大,2268g,全犬期,290.00,犬粮,加拿大,,,加拿大,鱼肉味,寰球萌宠/台版进口渴望六种鱼成幼全犬无谷天然狗粮5磅包邮,渴望
,无,全犬种,美国,15890g,老年犬,745.00,专用粮,美国维采,,,美国维采宠物食品厂,鸡肉味,维采  有机天然鸡肉老犬/减肥配方天然狗粮35磅 WDJ推荐,other/其他
通用型,无,全犬种 其他 吉娃娃 哈士奇 巴哥犬 德国牧羊犬 拉布拉多 柯基 比熊 泰迪 约克夏 萨摩耶 西施犬 贵宾 边境牧羊犬 金毛 阿拉斯加 雪纳瑞,美国,12700g,全犬期,18.00 - 460.00,犬粮,美国,,,美国自然光环,鱼肉味,美国halo自然光环狗粮28磅自然光环幼犬粮成犬粮进口天然粮两款选,美国自然光环
通用型,无,,英国,1000g,幼犬,64.00,,英国海洋之星狗粮厂,,,海洋之星,鱼肉味,②份包邮㊣Fish4Dogs海洋之星美毛无谷深海鱼幼犬粮小颗粒散装1kg,Fish4Dogs/海洋之星
通用型,无,全犬种,加拿大,6000g,成犬,450.00,犬粮,,,,爱肯拿,鸡肉味,包邮 Acana爱肯拿狗粮天然粮 无谷小型犬成犬粮小颗粒 6kg,ACANA/爱肯拿
通用型,无,全犬种,加拿大,2000g,成犬,190.00,犬粮,,,,爱肯拿,鸡肉味,包邮 Acana爱肯拿狗粮天然粮 无谷小型犬成犬粮小颗粒 2kg,ACANA/爱肯拿
,无,全犬种,美国,12700g,全犬期,820.00,,美国,,,荒野盛宴,鱼肉味,荒野盛宴狗粮鹿肉鹰嘴豆护肤美毛泰迪金毛全犬期通用型28磅包邮,荒野盛宴
通用型,无,,美国,10000g,幼犬,371.00,犬粮,美国汤伯,,,汤伯,鸡肉味,多省包邮 美国汤伯狗粮 鸡肉燕麦天然幼犬粮10kg 泰迪 金毛犬主粮,汤伯
通用型,无,全犬种 其他 吉娃娃 哈士奇 巴哥犬 德国牧羊犬 拉布拉多 柯基 比熊 泰迪 约克夏 萨摩耶 西施犬 贵宾 边境牧羊犬 金毛 阿拉斯加 雪纳瑞,美国,12700g,全犬期,460.00,犬粮,美国,,,自然光环,鸡肉味,官方授权正品送2斤美国进口HALO自然光环鸡肉狗粮去泪痕犬粮28磅,美国HALO自然光环
,无,,日本,200g,老年犬,58.00,,维他汪君,,,维他汪君,其他,日本原产维他汪君高龄犬专用牛肉鸡肉双拼软粮狗粮200g,维他汪君
通用型,无,全犬种,其他,16000g,幼犬,436.00,犬粮,中国,,,皇誉宠物食品有限公司,其他,正品皇家A3幼犬狗粮幼犬及怀孕母犬 泰迪幼犬奶糕15kg加送1kg包邮,皇家
通用型,无,全犬种,美国,2200g,全犬期,215.00,犬粮,美国,,,fromm,鱼肉味,木木宠物馆/FROMM福摩三文鱼蔬菜全犬美毛狗粮5磅包邮！,Fromm/福摩
,无,全犬种,美国,6800g,全犬期,415.00,,美国,,,fromm,鸭肉,Fromm福摩狗粮 鸭肉甜薯蔬菜配方幼犬成犬粮15磅,福摩
通用型,无,全犬种 其他 吉娃娃 哈士奇 巴哥犬 德国牧羊犬 拉布拉多 柯基 比熊 泰迪 约克夏 萨摩耶 西施犬 贵宾 边境牧羊犬 金毛 阿拉斯加 雪纳瑞,英国,12200g,成犬,615.00 - 690.00,犬粮,"Ocean House,Rushock   Estate,Droitwich   Road,Rushock,Worcestershire,WR9   ONR,Engiand",,,Fish4Dogs Ltd,鱼肉味,英国海洋之星天然三文鱼美毛配方中小型犬泰迪成犬狗粮小颗粒12kg,Fish4Dogs/海洋之星
通用型,无,全犬种 其他 吉娃娃 哈士奇 巴哥犬 德国牧羊犬 拉布拉多 柯基 比熊 泰迪 约克夏 萨摩耶 西施犬 贵宾 边境牧羊犬 金毛 阿拉斯加 雪纳瑞,加拿大,11400g,成犬,920.00 - 975.00,犬粮,9503-90 AVE.Morinville.AB T8R 1k7 CANADA,,,CHAMPION PETFOODS LP.,鸡肉味,正品防伪 Orijen渴望无谷配方泰迪成犬狗粮全犬种通用犬主粮25磅,Orijen渴望
,无,全犬种,其他,250g,全犬期,168.00,犬粮,上海萌系宠物用品有限公司,,,上海萌系宠物用品有限公司,其他,保鲜粮狗粮猫粮宠物粮无水粮宠物用品新品热销包邮脱水粮宠物零食,萌系宠物
通用型,无,全犬种,英国,2500g,全犬期,58.00,犬粮,宠多格宠物食品,,,宠多格宠物食品有限公司,鸡肉味,雅顿天然狗粮2.5KG比熊去泪痕美毛小型犬全犬期狗粮幼犬专用包邮,雅顿
通用型,无,全犬种 其他 吉娃娃 哈士奇 巴哥犬 德国牧羊犬 拉布拉多 柯基 比熊 泰迪 约克夏 萨摩耶 西施犬 贵宾 边境牧羊犬 金毛 阿拉斯加 雪纳瑞,比利时,2000g,幼犬,125.00,犬粮,比利时,,,啃达,鸡肉味,比利时啃达天然狗粮鸡肉味幼犬粮2kg泰迪金毛小中型全犬通用狗粮,啃达
通用型,无,全犬种 其他 吉娃娃 哈士奇 巴哥犬 德国牧羊犬 拉布拉多 柯基 比熊 泰迪 约克夏 西施犬 贵宾 边境牧羊犬 金毛 阿拉斯加 雪纳瑞,加拿大,13607g,全犬期,32.00,犬粮,美国,,,美国雪山宠物食品,其他,福摩鸭肉甜马铃薯天然粮成犬粮幼犬粮泰迪金毛全期狗粮美毛促发育,Fromm/福摩
,无,,加拿大,1200g,全犬期,105.00 - 125.00,,爱肯拿厂家出品,,,爱肯拿厂家出品,羊肉味,爱肯拿无谷羊肉苹果幼犬成犬全犬狗粮1.2kg  金毛 泰迪,ACANA/爱肯拿
,无,全犬种,美国,1816g,全犬期,228.00,犬粮,福摩,,,福摩,牛肉味,福摩Fromm 无谷牛肉蔬菜全犬成犬幼犬美毛狗粮4磅,Fromm/福摩
贵宾/泰迪,无,,英国,1500g,全犬期,425.00,犬粮,英国,,,英国海洋之星,鱼肉味,包邮英国海洋之星三文鱼玩具全犬期贵宾美毛无谷天然狗粮6kg,Fish4Dogs/海洋之星
通用型,无,,其他,1800g,成犬,130.00 - 175.00,专用粮,100,,,比格泰,鸡肉味,拍下130美滋元高钙牛奶球味幼犬泰迪犬粮比格泰狗粮10kg多省包邮,美滋元
,无,,美国,2268g,全犬期,100.00,,美国,,,进口,鸭肉,美国进口雪山鸭薯狗粮全犬期细粒天然狗粮5磅金毛泰迪贵宾去泪痕,雪山
通用型,无,全犬种,新西兰,1814g,全犬期,215.00,犬粮,Addiction,,,Addiction,羊肉味,新西兰ADD Addiction优之选天然成犬无谷狗粮 无谷野牧羊肉 4磅,Addiction
,无,,美国,500g,全犬期,19.00,,美国HALO,,,美国HALO,其他,美国HALO自然光环 鲑鱼三文鱼蔬菜狗粮全犬粮 分装散装试用装500g,美国HALO
通用型,无,全犬种,其他,2000g,成犬,165.00,犬粮,上海,,,上海皇誉宠物食品有限公司,其他,皇家犬泌尿道处方粮LP18尿结石狗粮犬主粮2KG包邮,ROYAL CANIN/皇家
,无,,其他,2000g,全犬期,164.00,犬粮,Nature Bridge/比瑞吉,,,Nature Bridge/比瑞吉,其他,包邮-比瑞吉泌尿道调理成犬粮2kg 宠物狗狗处方粮 配方犬主粮天然,Nature Bridge/比瑞吉
,无,,其他,1400g,离乳期,75.00,,皇家,,,皇家,其他,皇家奶糕ROYAL CANIN法国皇家MIS30小型犬奶糕1.2kg幼犬粮狗粮,皇家
通用型,无,全犬种,英国,1500g,幼犬,150.00,犬粮,,,,海洋之星,鱼肉味,英国海洋之星Fish4Dogs无谷抗敏深海鱼幼犬美毛狗粮小颗粒 1.5kg,Fish4Dogs/海洋之星
通用型,无,全犬种 其他 吉娃娃 哈士奇 巴哥犬 德国牧羊犬 拉布拉多 柯基 比熊 泰迪 约克夏 萨摩耶 西施犬 贵宾 边境牧羊犬 金毛 阿拉斯加 雪纳瑞,美国,13620g,全犬期,1300.00,犬粮,美国,,,fromm family petfood,鸡肉味,美国福摩Fromm鸡肉鱼蔬菜配方 天然狗粮 福摩鸡肉鱼犬粮 30磅包邮,Fromm/福摩
通用型,无,全犬种 其他,其他,1500g,成犬,155.80,专用粮,皇家公司上海,,,皇家公司,其他,现货新到包邮法国皇家 MS25维持关节灵活性的处方犬粮 1.5KG 狗粮,ROYAL CANIN/皇家
通用型,无,全犬种 其他 吉娃娃 哈士奇 巴哥犬 德国牧羊犬 拉布拉多 柯基 比熊 泰迪 约克夏 萨摩耶 西施犬 贵宾 边境牧羊犬 金毛 阿拉斯加 雪纳瑞,其他,15000g,成犬,239.00,犬粮,天津,,,天津珍宝厂家,牛肉味,珍宝狗粮15kg30斤什锦牛肉泰迪比熊金毛萨摩德牧成犬粮 正品包邮,SANPO/珍宝
通用型,无,全犬种,英国,12000g,成犬,690.00,犬粮,英国,,,海洋之星,鱼肉味,海洋之星通用型狗粮 无谷深海鱼成犬天然粮 金毛萨摩大颗粒12KG,Fish4Dogs/海洋之星
,无,,加拿大,1200g,幼犬,135.00,,,,,champion petfoods,其他,加拿大官网授权双标渴望Orijen小型犬幼犬泰迪比熊幼犬粮1.2KG,渴望
通用型,无,,加拿大,2000g,全犬期,165.00,犬粮,爱肯拿,,,爱肯拿,羊肉味,包邮-爱肯拿无谷羊肉苹果全犬狗粮2kg 实际发500g*4包,ACANA/爱肯拿
,无,,美国,2270g,全犬期,212.00,,福摩厂家出品,,,福摩厂家出品,鱼肉味,包邮-FROMM福摩三文鱼全犬美毛狗粮5磅 实际发454G*5包,福摩Fromm
金毛,无,其他 哈士奇 德国牧羊犬 拉布拉多 萨摩耶 边境牧羊犬 金毛 阿拉斯加,其他,2000g,成犬,145.00,,巴西,,,巴西淘淘,鸡肉味,巴西粮淘淘力派狗粮2kg 中大型成年犬粮拉布拉多金毛德牧雪橇犬,巴西淘淘
,无,全犬种 其他 吉娃娃 哈士奇 巴哥犬 德国牧羊犬 拉布拉多 柯基 比熊 泰迪 约克夏 萨摩耶 西施犬 贵宾 边境牧羊犬 金毛 阿拉斯加 雪纳瑞,澳大利亚,15000g,成犬,385.00,,澳大利亚,,,APFE澳大利亚宠物食品出口有限公司,羊肉味,澳洲贵族狗粮羊肉米饭成犬粮鸸鹋油15kg天然,贵族
,无,全犬种,加拿大,2270g,幼犬,240.00,犬粮,加拿大,,,渴望,鸡肉味,破包！加拿大渴望Orijen 无谷天然幼犬粮2.27KG狗粮 宠物美毛犬粮,渴望
,无,,加拿大,250g,全犬期,23.00,犬粮,爱肯拿厂家出品,,,爱肯拿厂家出品,鱼肉味,满三份包邮-爱肯拿无谷全犬深海鱼250g分装试吃幼犬成犬全犬狗粮,ACANA/爱肯拿
,无,,美国,13600g,全犬期,540.00,,美国,,,誉高,鸡肉味,美国誉高天然狗粮 赛级成犬粮30磅/13.6kg 金毛萨摩耶哈士奇犬粮,誉高
通用型,无,全犬种,加拿大,1500g,成犬,135.00,犬粮,加拿大,,,加拿大耐吉斯,鸡肉味,加拿大耐吉斯无谷低敏火鸡+苹果配方天然狗粮玩赏小型犬狗粮1.5kg,耐吉斯
通用型,无,,澳大利亚,2000g,成犬,87.00,犬粮,澳大利亚,,,贵族,羊肉味,[送洁齿骨*3根]澳洲贵族Nature's Gift 羊肉鸸鹋油蓝莓成犬粮 2kg,贵族
,无,,日本,600g,全犬期,95.00,,日本,,,Petz Route,其他,日本Petz Route减肥狗粮专门针对肥胖犬设计的小颗粒低脂粮 600克,Petz Route6006
,无,,新西兰,3000g,全犬期,270.00,,新西兰,,,zeal,鱼肉味,包邮纽西兰Zeal全天然半软狗粮 鳟鱼配方 幼成犬主粮 6.5磅 3kg,zeal
,无,,新西兰,2500g,全犬期,760.00,,新西兰,,,巅峰,牛肉味,包邮纽西兰巅峰Ziwi鲜肉牛肉狗粮法斗泰迪高适口性幼成犬粮2.5kg,ZiwiPeak巅峰
,无,,加拿大,500g,幼犬,40.00,,渴望,,,加拿大渴望厂家出品,鸡肉味,满5斤包邮-渴望无谷幼犬粮鸡肉无谷狗粮试吃分装 500g,Orijen渴望
通用型,无,全犬种,美国,2270g,全犬期,269.00,犬粮,,,,极度,牛肉味,全国包邮极度进口狗粮野味天然粮全犬期大颗粒狗粮2.27KG成幼犬粮,极度
通用型,无,全犬种,德国,7980g,全犬期,987.00,犬粮,德国,,,manakula,鹿肉,德国玛娜库拉manakula进口狗粮鹿肉羊肉成犬幼犬金毛通用型17.6磅,玛娜库拉
,无,,美国,450g,全犬期,32.00,,福摩Fromm,,,福摩Fromm,鸭肉,铝箔分装 福摩Fromm 鸭肉甜薯全犬狗粮1磅肠胃敏感适合,Fromm/福摩
通用型,无,,美国,1800g,全犬期,225.00,专用粮,FROMM fromm,,,FROMM,鱼肉味,福摩Fromm 无谷全鱼幼犬全犬狗粮 4磅,Cesar/西莎
,无,全犬种,美国,5400g,幼犬,590.00,,WELLNESS WELLNESS,,,wellness,其他,香港拍摄 美国Wellness Core无谷高蛋白幼犬狗粮天然粮12磅,Banff/班芙
,无,全犬种 其他 吉娃娃 哈士奇 巴哥犬 德国牧羊犬 拉布拉多 柯基 比熊 泰迪 约克夏 萨摩耶 西施犬 贵宾 边境牧羊犬 金毛 阿拉斯加 雪纳瑞,美国,1500g,全犬期,186.00,专用粮,美国,,,美国希尔思宠物食品,鸡肉味,授权正品美国hills希尔思/斯jd犬关节专用粮软骨素处方狗粮1.5kg,希尔思
,无,,其他,40g,全犬期,6.50,,渴望,,,渴望,其他,八袋包邮 渴望六种鱼+海藻配方狗粮 美毛全犬粮 40G试吃装犬粮,渴望
,无,,加拿大,6800g,全犬期,675.00,,Orijen渴望,,,Orijen渴望,深海鱼味,加拿大Orijen渴望六种鱼狗粮全犬期成犬幼犬无谷天然粮6.8kg,Orijen渴望
通用型,无,,比利时,15000g,成犬,760.00,犬粮,,,,比利时联合宠物食品公司,其他,比利时原装进口 欧帝亿 大型犬成犬粮天然粮15kg主粮德牧藏獒狗粮,IMPERIAL PAW/欧帝亿
通用型,无,,荷兰,10000g,成犬,380.00,犬粮,100,,,100,其他,荷兰进口曼妥思狗粮成犬天然配方粮10KG,mentos/曼妥思
,无,,英国,2000g,成犬,109.00,,英国,,,Burgess,鱼肉味,【超宠】英国进口布格斯天然防过敏狗粮成犬粮（三文鱼）现货包邮,BURGESS
,无,,英国,2000g,成犬,109.00,,英国,,,Burgess,其他,【超宠】英国进口布格斯天然防过敏狗粮成犬粮（火鸡）2kg 包邮,BURGESS
,无,,英国,1500g,成犬,109.00,,英国,,,Burgess,鸡肉味,【超宠】英国进口Burgess无谷易消化成犬粮（鸡肉）1.5kg现货包邮,BURGESS
通用型,无,,美国,12700g,全犬期,618.00,犬粮,Be my baby,,,Be my baby,鸭肉,新品美国荒野盛宴同厂Bemybaby宝能无谷鸭肉全犬全龄狗粮28磅,宝能
通用型,无,全犬种 其他 吉娃娃 哈士奇 巴哥犬 德国牧羊犬 拉布拉多 柯基 比熊 泰迪 约克夏 萨摩耶 西施犬 贵宾 边境牧羊犬 金毛 阿拉斯加 雪纳瑞,加拿大,9980g,全犬期,6.98 - 718.00,犬粮,加拿大哈根纽翠斯,,,哈根纽翠斯,鸡肉味,即到 加拿大哈根Nutrience纽翠斯黑钻无谷鲜鸡肉含冻干肉狗粮22磅,哈根纽翠斯
通用型,无,全犬种,美国,6804g,全犬期,450.00,犬粮,美国,,,钻石,牛肉味,20000公里现货美国WDJ推荐荒野盛宴狗粮 野牛肉＋鹿肉15磅小颗粒,荒野盛宴
,无,,其他,450g,全犬期,34.00,,FROMM福摩,,,FROMM福摩,鸡肉味,铝箔分装  美国FROMM福摩鸡肉鱼蔬菜配方狗粮全犬粮1磅,FROMM福摩
,无,泰迪 贵宾,其他,800g,成犬,96.00,犬粮,新食代,,,新食代,其他,新食代狗粮犬粮泰迪贵宾小型犬成年犬种鲜肉软粮800g盒装易嚼适口,新食代
,无,,加拿大,11400g,老年犬,830.00,,加拿大,,,渴望,其他,新版新配方加拿大orijen渴望 老年犬高龄粮低卡抗敏狗粮25磅,渴望
通用型,无,全犬种,其他,13607g,全犬期,730.00,犬粮,12,,,福摩,其他,【现货】福摩狗粮 FROMM福摩鸭肉甜薯全犬粮30磅,Fromm/福摩
,无,,其他,400g,全犬期,55.00,,hills,,,hills,其他,希尔斯希尔思超重肥胖犬RD低脂减肥处方犬粮狗粮 400g分装,希尔斯
,无,全犬种,其他,12500g,全犬期,890.00,,hill's,,,hill's,其他,小折宠物~希尔斯 希尔思r/d rd犬狗减肥处方狗粮关节糖尿病27.5磅,hill's
通用型,无,全犬种,加拿大,2000g,全犬期,215.00,犬粮,艾肯拿,,,爱肯拿,鱼肉味,加拿大进口爱肯拿Acana 无谷深海鱼配方成犬幼犬全犬粮2kg金,ACANA/爱肯拿
通用型,无,,其他,500g,成犬,7.50,犬粮,,,,雷米高,牛肉味,雷米高澳丽得牛肉深海鱼油配方成犬狗粮500克 犬主粮 买2包邮,RAMICAL/雷米高
,无,全犬种,英国,12000g,幼犬,730.00,犬粮,英国,,,英国海洋之星,鱼肉味,现货包邮海洋之星狗粮深海鱼幼犬粮通用粮泰迪比熊美毛12kg730元,Fish4Dogs/海洋之星
通用型,无,,其他,10000g,成犬,338.00,犬粮,澳维加,,,澳维加,羊肉味,澳维加狗粮 羊肉味羊肉米饭成犬粮10kg澳洲进口粮 江浙沪包运,OZVIC/澳维加
通用型,无,,其他,15000g,成犬,269.00,犬粮,天津,,,康多乐,鸡肉味,康多乐狗粮成犬鸡肉肝及蔬菜15KG金毛泰迪大中小型犬犬粮广东包邮,康多乐
,无,,美国,5400g,成犬,488.00,犬粮,美国,,,福摩,其他,美国福摩Fromm无谷猎鸟蔬菜全家禽狗粮 去泪痕美毛天然粮12磅,Fromm/福摩
通用型,无,全犬种,美国,6810g,全犬期,199.00,犬粮,美国,,,FROMM,鱼肉味,WDJ推荐美国FROMM福摩三文鱼蔬菜全犬美毛狗粮5磅 包邮,Fromm/福摩
,无,,美国,2250g,全犬期,178.00,,美国,,,福摩,其他,WDJ推荐美国福摩Fromm鸭肉甜薯5磅天然狗粮全犬粮,福摩
,无,,美国,1800g,全犬期,185.00,,美国,,,福摩,鱼肉味,美国福摩Fromm无谷三文鱼全鱼美毛蔬菜狗粮4磅,美国福摩
,无,,美国,11800g,全犬期,798.00,,美国,,,Fromm,鸭肉,美国FROMM福摩无谷三文鱼鸭肉蔬菜全犬粮26磅成犬幼犬美毛狗粮,Fromm/福摩
其他,无,全犬种,美国,80g,全犬期,6.00,,美国,,,美国福摩工厂,其他,香港直采美国FROMM（福摩）狗粮猫粮原装试吃装,福摩
通用型,无,全犬种,美国,2200g,全犬期,480.00,犬粮,1,,,美国福摩宠物有限公司,鱼肉味,大胖大胖 美国Fromm福摩鸡肉鱼蔬菜狗粮 全犬粮 15磅,Fromm/福摩
,无,,加拿大,11400g,成犬,975.00,,加拿大,,,加拿大渴望宠物食品公司,鸡肉味,大胖大胖双标防伪加拿大Orijen渴望天然无谷狗粮鸡肉成犬粮11.4kg,Orijen/渴望
通用型,无,,其他,3000g,使用于怀孕42天起的母犬、哺乳期母犬及2月龄以下离乳期幼犬,490.00,奶糕,上海,,,皇家皇家,其他,法国皇家小型犬奶糕粮小奶狗狗粮10kg离乳期泰迪贵宾奶狗幼犬包邮,ROYAL CANIN/皇家
,无,全犬种,比利时,2000g,成犬,115.00,犬粮,比利时,,,比利时嗗达,鸡肉味,比利时Woofstard嗗达啃达鸡肉成犬粮天然狗粮 2kg,WOOFSTARD/嗗达
通用型,无,全犬种,美国,6300g,全犬期,450.00,犬粮,美国,,,钻石,鹿肉,20000公里现货Taste of the Wild荒野盛宴狗粮全犬期鹿肉豌豆14磅,荒野盛宴
通用型,无,全犬种 其他 吉娃娃 巴哥犬 柯基 比熊 泰迪 约克夏 西施犬 贵宾 雪纳瑞,加拿大,5400g,全犬期,388.00 - 399.00,犬粮,加拿大,,,加拿大NOW,其他,港版 NOW无谷小型犬全犬12磅狗粮四叶草全犬成犬粮泰迪比熊小颗粒,NowFresh
,无,全犬种,加拿大,250g,全犬期,23.50,犬粮,爱肯拿厂家出品,,,爱肯拿厂家出品,羊肉味,满三份包邮 爱肯拿无谷羊肉苹果全犬狗粮250g分装 试吃,ACANA/爱肯拿
通用型,无,全犬种,其他,1800g,成犬,230.00,犬粮,美国,,,美國wellness core,鸡肉味,香港宠物店 美国Wellness Core无谷小型犬成犬粮 4磅,wellness
,无,全犬种,美国,2268g,全犬期,80.00,,进口,,,进口,鸭肉,鸭署5磅细颗粒天然低敏狗粮 全犬期鸭署狗粮 改善泪痕美毛5磅狗粮,雪山
通用型,无,全犬种 其他,其他,1500g,成犬,138.80,专用粮,皇家公司上海,,,皇家公司,其他,新现货包邮 皇家DS30 1.5KG减肥2期处方犬粮糖尿病处方狗粮降血糖,ROYAL CANIN/皇家
,无,全犬种,新西兰,15390g,成犬,410.00,,多格漫上海零食商贸,,,广州怡海宠物用品有限公司,牛肉味,新西兰伊贝斯Erbeth 成犬狗粮 34.2磅 牧场牛肉+猕猴桃天然配方,伊贝斯
,无,,其他,1360g,成犬,78.00,犬粮,中国,,,佳普斯进出口贸易公司,其他,包邮 美国METZ玫斯 无谷鲜肉成犬粮3磅 泰迪比熊贵宾金毛犬粮,METZ/玫斯
,无,全犬种,加拿大,6000g,全犬期,658.00,犬粮,加拿大,,,冠军宠物,羊肉味,WDJ推荐爱肯拿无谷升级羊肉苹果成幼犬狗粮全犬粮6kg肠胃保健美毛,ACANA/爱肯拿
,无,全犬种,美国,12250g,全犬期,635.00,犬粮,Prairie,,,Prairie,鸡肉味,香港发货Prairie均衡狗主粮鸡肉糙米全犬粮12.25kg促肠道消化狗粮,PRAIRIE
通用型,无,全犬种,加拿大,1200g,全犬期,125.00,犬粮,,,,冠军,羊肉味,防伪可查 加拿大ACANA爱肯拿无谷羊肉苹果狗粮1.2KG 天然全犬粮食,ACANA/爱肯拿
通用型,无,哈士奇 德国牧羊犬 拉布拉多 萨摩耶 边境牧羊犬 金毛 阿拉斯加,其他,15000g,成犬,725.00,犬粮,巴西淘淘,,,巴西淘淘,其他,巴西淘淘力派均衡中大型犬成犬粮15kg 金毛萨摩去泪痕美毛狗粮,TOTAL EQUILIBRIO
,无,全犬种,日本,750g,成犬,98.00,,日本,,,日清,其他,日本  日清狗粮 1-6岁熏制成犬粮750G,日清
,无,,美国,85g,全犬期,105.00,,美国,,,美国,其他,高级冻干粮 百利Instinct冻干生鲜水果肉粒鸡肉狗粮85g,百利
,无,,新西兰,500g,全犬期,32.00,,新西兰,,,ZEAL纽西兰,鸡肉味,纽西兰Zeal全天然半湿狗粮鸡肉配方进口半软鲜肉狗粮500G试吃装,ZEAL
,无,全犬种 吉娃娃 哈士奇 巴哥犬 德国牧羊犬 拉布拉多 柯基 比熊 泰迪 约克夏 萨摩耶 西施犬 贵宾 边境牧羊犬 金毛 阿拉斯加 雪纳瑞,美国,1800g,全犬期,285.00,犬粮,美国,,,FROMM,鱼肉味,美国FROMM福摩无谷三文鱼鸭肉美毛狗粮4磅 小颗粒狗狗天然粮,Fromm/福摩
,无,,美国,500g,全犬期,38.00,,福摩,,,福摩,鱼肉味,满5斤包邮-Fromm福摩狗粮 全犬期 无谷全鱼蔬菜配方500g,Fromm/福摩
比熊,无,,爱尔兰,500g,成犬,25.00,犬粮,100,,,100,其他,法国皇家比熊小型犬成犬粮 宠物狗狗主粮狗粮500g,ROYAL CANIN/皇家
通用型,无,,加拿大,1200g,成犬,125.00,犬粮,加拿大,,,ACANA/爱肯拿,羊肉味,加拿大ACANA 爱肯拿无谷升级版羊肉苹果幼成犬全犬狗粮1.2kg,ACANA/爱肯拿
通用型,无,,美国,10000g,成犬,340.00,犬粮,美国,,,汤伯,鸡肉味,多省包邮 美国汤伯狗粮 鸡肉燕麦配方成犬粮 10kg 大中小型犬,汤伯
,无,,越南,9600g,老年犬,238.00,,上海,,,上海雪山宠物用品有限公司,其他,马尔赛皇家哈士奇犬老年犬专用营养配方狗粮天然粮20磅装包邮,马尔赛皇家
贵宾/泰迪,无,吉娃娃 泰迪 约克夏 贵宾,英国,2000g,幼犬,135.00,专用粮,,,,贝诺,其他,英国贝诺泰迪成犬专用2KG狗粮 温暖主食粮 适合一岁以上的宝贝,贝诺
,无,,美国,11800g,全犬期,780.00,,美国,,,美国,鸡肉味,WDJ推荐WELLNESS狗粮CORE无谷鸡肉鸡肉配方全犬粮﹙无谷物﹚24磅,wellness
,无,全犬种,加拿大,11400g,全犬期,750.00 - 830.00,犬粮,加拿大ACANA爱肯拿,,,加拿大ACANA爱肯拿,鱼肉味,wdj推荐新包装加拿大ACANA爱肯拿狗粮全犬经典海洋盛宴配方11.4kg,加拿大ACANA爱肯拿
,无,全犬种,加拿大,11400g,全犬期,670.00 - 740.00,犬粮,加拿大,,,加拿大ACANA爱肯拿,鸡肉味,WDJ推荐加拿大ACANA爱肯拿经典农场盛宴鸡肉狗粮全犬天然粮11.4kg,加拿大ACANA爱肯拿
通用型,无,全犬种,美国,2270g,全犬期,200.00,犬粮,美国,,,荒野盛宴宠物食品公司,鱼肉味,美国荒野盛宴海洋奇珍烟熏三文鱼全犬期无谷全犬粮4.4磅普通颗粒,Taste of the Wild/荒野盛宴
通用型,无,全犬种,美国,2270g,全犬期,200.00,犬粮,荒野盛宴宠物食品公司,,,荒野盛宴宠物食品公司,羊肉味,荒野盛宴美国进口狗粮wdj推荐羊肉天然无谷全犬期小型犬4.4磅犬粮,Taste of the Wild/荒野盛宴
通用型,无,,加拿大,2721g,全犬期,259.00,犬粮,加拿大NOW,,,NOW,其他,轻微破包-带标now无谷小型犬全犬狗粮火鸡鸭肉防泪痕6磅比熊 泰迪,NOW
通用型,无,,美国,13608g,全犬期,675.00,犬粮,福摩厂家,,,福摩,鸭肉,破包！ FROMM福摩鸭肉甜薯幼犬成犬犬粮狗粮30磅 金毛 泰迪,Fromm/福摩
,无,全犬种,澳大利亚,2500g,成犬,56.00,专用粮,江苏省扬州市广陵产业园,,,乐威宝宠物用品有限公司,牛肉味,乐威宝成犬粮,other/其他
,无,,其他,2000g,全犬期,228.00,,中国,,,嘉吉,其他,778佩玛思特非转基因天然粮美肌美毛贵宾泰迪比熊美毛护肤狗粮2kg,Petmaster/佩玛思特
,无,全犬种,美国,30g,全犬期,780.00,,美国,,,美国,牛肉味,美国荒野羊肉无谷全犬天然狗粮30磅,荒野
通用型,无,,其他,500g,老年犬,28.00,犬粮,Purich/醇粹,,,Purich/醇粹,鸡肉味,醇粹老龄犬高龄犬专用狗粮天然粮大中小型通用型犬主粮500g,Purich/醇粹
,无,,日本,50g,全犬期,23.50,,JanP,,,JanP,羊肉味,日本Pure Royal半生软狗粮超小型犬配方 超小颗粒 羊肉味 单包50g,Pure Royal
,无,全犬种,美国,150g,全犬期,15.90,犬粮,美国,,,美国钻石,其他,美国荒野盛宴无谷天然狗粮试吃装金毛柴犬哈士奇萨摩中型犬粮,Taste of the Wild/荒野盛宴
通用型,无,全犬种,其他,2270g,幼犬,780.00,犬粮,美国,,,荒野,鱼肉味,美国荒野盛宴天然无谷海洋风味幼犬三文鱼狗粮泰迪金毛犬主粮30磅,荒野飨宴
通用型,无,全犬种,美国,6800g,全犬期,450.00,犬粮,福摩,,,福摩,其他,WDJ推荐美国福摩FROMM狗粮 鸭肉甜薯全犬粮15磅 美毛护肤狗粮,Fromm/福摩
,无,,其他,12000g,幼犬,635.00,,江苏,,,Nutrifresh/纯皓,鸡肉味,纯皓狗粮中大型犬幼犬主粮天然无谷粮酵素萨摩金毛拉布拉多12kg,Nutrifresh/纯皓
通用型,无,全犬种,美国,10872g,成犬,770.00,犬粮,美国,,,Blue Buffalo,鸡肉味,遛狗啦 美国蓝爵Blue Buffalo成犬狗粮鸡肉无谷配方24磅促,蓝爵Blue Buffalo
通用型,无,全犬种,其他,1500g,成犬,740.00,犬粮,英国,,,Fish4Dogs.Ltd,鱼肉味,英国Fish4Dogs海洋之星无谷深海鱼成犬美毛配方狗粮大颗粒12kg,Fish4Dogs/海洋之星
通用型,无,,加拿大,6000g,全犬期,520.00,犬粮,加拿大,,,ACANA/爱肯拿,羊肉味,加拿大ACANA 爱肯拿无谷升级版羊肉苹果幼成犬全犬狗粮6KG,ACANA/爱肯拿
,无,,加拿大,11350g,全犬期,679.00,,加拿大,,,加拿大,鱼肉味,行货：GO natrual野生三文鱼全犬期狗粮25磅 可查防伪,GO
,无,全犬种,美国,6800g,全犬期,599.00 - 620.00,,日本Artemis,,,日本Artemis,其他,现货日本原装进口Artemis松茸含益生菌养肠胃幼成犬狗粮6.8kg小粒,Artemis
,无,,日本,2400g,成犬,265.00,,日本,,,日本代购,鸡肉味,现货 日清日本代购宠物狗狗JPSTYLE GOLD1-6岁成犬专用狗粮2.4kg,jp
,无,全犬种,加拿大,13000g,全犬期,920.00,犬粮,费思美,,,费思美,羊肉味,加拿大FirstMate费思美无谷类羊肉全犬狗粮13kg标准颗粒 预售,firstmate费思美
,无,全犬种,英国,14000g,全犬期,689.00,犬粮,英国某地,,,红女巫,鱼肉味,英国进口红女巫Redwitch三文鱼米饭狗粮成犬幼犬全犬期天然粮14kg,英国红女巫 Redwitch
